x	y	z	ts
-1,330000	-0,490000	0,070000	2021-05-15T14:31:31:995
-1,820000	-0,630000	0,280000	2021-05-15T14:31:32:8
-1,260000	-0,490000	0,140000	2021-05-15T14:31:32:30
-0,770000	-0,350000	0,140000	2021-05-15T14:31:32:48
-0,350000	-0,350000	-0,140000	2021-05-15T14:31:32:69
0,280000	-0,560000	0,350000	2021-05-15T14:31:32:88
-0,070000	-0,490000	0,210000	2021-05-15T14:31:32:111
-0,070000	-0,280000	0,140000	2021-05-15T14:31:32:128
0,910000	-0,560000	0,420000	2021-05-15T14:31:32:152
0,350000	-0,630000	0,210000	2021-05-15T14:31:32:169
0,490000	-0,910000	0,210000	2021-05-15T14:31:32:191
0,840000	-0,770000	0,140000	2021-05-15T14:31:32:208
0,280000	-0,350000	-0,140000	2021-05-15T14:31:32:231
-0,280000	-0,630000	-0,140000	2021-05-15T14:31:32:249
-0,070000	-0,770000	-0,210000	2021-05-15T14:31:32:268
0,980000	-1,050000	-0,280000	2021-05-15T14:31:32:289
0,840000	-0,700000	-0,560000	2021-05-15T14:31:32:312
0,070000	0,070000	-0,910000	2021-05-15T14:31:32:328
0,280000	0,280000	-0,840000	2021-05-15T14:31:32:351
0,350000	0,840000	-0,490000	2021-05-15T14:31:32:369
0,070000	1,120000	0,140000	2021-05-15T14:31:32:392
-0,070000	0,910000	0,350000	2021-05-15T14:31:32:408
0,630000	1,050000	0,140000	2021-05-15T14:31:32:431
1,400000	0,560000	0,350000	2021-05-15T14:31:32:448
1,470000	0,840000	0,420000	2021-05-15T14:31:32:470
1,400000	0,700000	0,420000	2021-05-15T14:31:32:490
0,840000	0,280000	0,700000	2021-05-15T14:31:32:511
-0,140000	-0,280000	0,770000	2021-05-15T14:31:32:528
-0,280000	-0,490000	0,560000	2021-05-15T14:31:32:552
0,630000	-0,140000	0,280000	2021-05-15T14:31:32:569
0,980000	-0,070000	0,210000	2021-05-15T14:31:32:594
0,980000	-0,140000	0,350000	2021-05-15T14:31:32:609
0,560000	-0,140000	0,560000	2021-05-15T14:31:32:632
0,560000	-0,210000	0,630000	2021-05-15T14:31:32:649
-0,280000	-0,210000	0,280000	2021-05-15T14:31:32:670
-0,210000	-0,210000	0,350000	2021-05-15T14:31:32:689
0,490000	-0,350000	0,420000	2021-05-15T14:31:32:712
1,190000	0,210000	0,420000	2021-05-15T14:31:32:729
1,120000	0,350000	0,420000	2021-05-15T14:31:32:752
1,610000	1,120000	0,280000	2021-05-15T14:31:32:771
2,240000	0,770000	0,770000	2021-05-15T14:31:32:793
1,820000	0,210000	1,120000	2021-05-15T14:31:32:808
2,450000	0,070000	1,120000	2021-05-15T14:31:32:832
2,800000	-0,350000	1,050000	2021-05-15T14:31:32:849
1,890000	-0,280000	0,560000	2021-05-15T14:31:32:873
2,170000	-0,210000	0,630000	2021-05-15T14:31:32:889
2,800000	-0,210000	1,050000	2021-05-15T14:31:32:912
2,450000	0,210000	1,050000	2021-05-15T14:31:32:928
0,840000	0,210000	0,420000	2021-05-15T14:31:32:953
2,170000	-0,350000	1,680000	2021-05-15T14:31:32:969
0,840000	-0,560000	1,120000	2021-05-15T14:31:32:993
0,910000	-0,420000	0,980000	2021-05-15T14:31:33:9
1,680000	-0,280000	0,770000	2021-05-15T14:31:33:33
1,610000	0,070000	0,980000	2021-05-15T14:31:33:49
1,050000	0,280000	0,700000	2021-05-15T14:31:33:72
-0,140000	-0,210000	0,770000	2021-05-15T14:31:33:89
-1,120000	-0,210000	0,420000	2021-05-15T14:31:33:112
-1,750000	0,070000	0,420000	2021-05-15T14:31:33:129
-0,630000	-1,050000	0,700000	2021-05-15T14:31:33:152
-0,350000	-0,770000	0,210000	2021-05-15T14:31:33:169
-0,210000	-1,050000	0,140000	2021-05-15T14:31:33:193
-0,630000	-1,120000	-0,070000	2021-05-15T14:31:33:209
-0,770000	-1,050000	-0,070000	2021-05-15T14:31:33:232
-0,350000	-0,700000	0,070000	2021-05-15T14:31:33:260
-0,350000	-0,770000	0,210000	2021-05-15T14:31:33:273
-1,750000	-0,770000	0,210000	2021-05-15T14:31:33:289
-3,220000	-1,680000	0,420000	2021-05-15T14:31:33:312
-3,430000	-2,030000	0,280000	2021-05-15T14:31:33:329
-4,130000	-2,100000	-0,280000	2021-05-15T14:31:33:352
-3,500000	-1,890000	-0,700000	2021-05-15T14:31:33:369
-2,520000	-1,610000	-0,560000	2021-05-15T14:31:33:393
-3,080000	-1,540000	-0,140000	2021-05-15T14:31:33:409
-4,130000	-1,960000	-0,140000	2021-05-15T14:31:33:432
-4,060000	-1,610000	-0,350000	2021-05-15T14:31:33:449
-3,570000	-1,120000	-0,910000	2021-05-15T14:31:33:472
-2,870000	-1,540000	-0,420000	2021-05-15T14:31:33:489
-2,450000	-1,750000	-0,560000	2021-05-15T14:31:33:513
-2,030000	-1,750000	-0,770000	2021-05-15T14:31:33:529
-1,820000	-1,960000	-0,490000	2021-05-15T14:31:33:552
-1,400000	-1,750000	-0,420000	2021-05-15T14:31:33:570
-0,980000	-1,190000	-0,490000	2021-05-15T14:31:33:593
-0,560000	-0,700000	-0,420000	2021-05-15T14:31:33:609
0,280000	-0,490000	-0,350000	2021-05-15T14:31:33:632
0,140000	-0,700000	-0,280000	2021-05-15T14:31:33:649
-0,980000	-1,050000	-0,210000	2021-05-15T14:31:33:673
-1,190000	-1,050000	-0,140000	2021-05-15T14:31:33:690
-1,260000	-0,980000	-0,420000	2021-05-15T14:31:33:712
-1,540000	-0,630000	-0,420000	2021-05-15T14:31:33:729
-2,030000	-0,490000	-0,350000	2021-05-15T14:31:33:752
-1,540000	-0,630000	0,210000	2021-05-15T14:31:33:772
-2,030000	-0,490000	0,210000	2021-05-15T14:31:33:791
-2,240000	-0,350000	0,070000	2021-05-15T14:31:33:810
-1,960000	-0,490000	0,070000	2021-05-15T14:31:33:833
-0,910000	-0,700000	0,210000	2021-05-15T14:31:33:850
-0,210000	-0,420000	0,210000	2021-05-15T14:31:33:872
0,770000	-0,140000	0,210000	2021-05-15T14:31:33:890
0,350000	-0,350000	0,210000	2021-05-15T14:31:33:913
0,420000	-0,420000	0,140000	2021-05-15T14:31:33:930
0,350000	-0,210000	0,350000	2021-05-15T14:31:33:952
0,350000	-0,070000	0,210000	2021-05-15T14:31:33:970
-0,070000	-0,070000	0,140000	2021-05-15T14:31:33:994
0,210000	-0,350000	0,140000	2021-05-15T14:31:34:10
0,560000	-0,560000	-0,070000	2021-05-15T14:31:34:32
-0,140000	-0,630000	-0,210000	2021-05-15T14:31:34:50
-0,350000	-0,490000	-0,350000	2021-05-15T14:31:34:74
-1,050000	-0,490000	-0,070000	2021-05-15T14:31:34:90
-1,750000	-0,560000	-0,070000	2021-05-15T14:31:34:112
-1,190000	-0,490000	0,070000	2021-05-15T14:31:34:130
-1,540000	-0,210000	-0,210000	2021-05-15T14:31:34:153
-1,400000	-0,140000	-0,210000	2021-05-15T14:31:34:170
-0,770000	-0,420000	0,140000	2021-05-15T14:31:34:192
-0,770000	-0,770000	0,210000	2021-05-15T14:31:34:210
-1,540000	-0,630000	-0,070000	2021-05-15T14:31:34:233
-0,630000	-1,190000	-0,070000	2021-05-15T14:31:34:250
-0,630000	-0,420000	-0,070000	2021-05-15T14:31:34:273
0,140000	-0,490000	0,140000	2021-05-15T14:31:34:290
0,210000	-0,280000	0,630000	2021-05-15T14:31:34:313
-0,350000	-0,280000	0,490000	2021-05-15T14:31:34:330
-0,700000	-0,980000	0,350000	2021-05-15T14:31:34:352
0,140000	-0,840000	0,350000	2021-05-15T14:31:34:370
0,350000	-0,770000	-0,280000	2021-05-15T14:31:34:404
0,280000	-0,420000	-0,280000	2021-05-15T14:31:34:410
0,910000	-0,280000	-0,280000	2021-05-15T14:31:34:432
0,910000	-0,280000	0,070000	2021-05-15T14:31:34:450
-0,350000	-0,070000	0,140000	2021-05-15T14:31:34:474
0,490000	-0,070000	0,280000	2021-05-15T14:31:34:490
0,840000	0,210000	0,420000	2021-05-15T14:31:34:512
0,770000	0,560000	0,140000	2021-05-15T14:31:34:530
1,120000	-0,210000	0,420000	2021-05-15T14:31:34:553
2,030000	-0,280000	0,070000	2021-05-15T14:31:34:570
2,240000	-0,350000	0,070000	2021-05-15T14:31:34:592
1,400000	-0,490000	-0,140000	2021-05-15T14:31:34:610
0,840000	-0,560000	-0,280000	2021-05-15T14:31:34:644
0,210000	-1,120000	-0,210000	2021-05-15T14:31:34:650
-0,070000	-1,190000	0,070000	2021-05-15T14:31:34:673
-0,280000	-1,190000	0,070000	2021-05-15T14:31:34:690
0,350000	-0,770000	0,070000	2021-05-15T14:31:34:714
1,540000	-0,560000	0,070000	2021-05-15T14:31:34:730
0,980000	-0,630000	0,280000	2021-05-15T14:31:34:753
0,980000	-0,560000	0,420000	2021-05-15T14:31:34:773
0,070000	-0,630000	0,770000	2021-05-15T14:31:34:794
0,070000	-0,630000	0,840000	2021-05-15T14:31:34:810
0,210000	-0,420000	0,840000	2021-05-15T14:31:34:833
0,630000	-0,210000	0,630000	2021-05-15T14:31:34:850
0,210000	-0,210000	0,350000	2021-05-15T14:31:34:875
0,350000	0,070000	0,630000	2021-05-15T14:31:34:891
0,910000	-0,070000	1,120000	2021-05-15T14:31:34:913
1,400000	0,070000	0,630000	2021-05-15T14:31:34:930
1,750000	-0,630000	0,700000	2021-05-15T14:31:34:954
1,610000	-0,630000	0,280000	2021-05-15T14:31:34:971
2,660000	-0,420000	0,630000	2021-05-15T14:31:34:993
2,660000	0,490000	0,490000	2021-05-15T14:31:35:11
2,100000	0,840000	0,840000	2021-05-15T14:31:35:35
2,240000	0,630000	1,190000	2021-05-15T14:31:35:51
2,240000	0,490000	1,190000	2021-05-15T14:31:35:74
2,590000	0,420000	0,770000	2021-05-15T14:31:35:91
2,800000	0,560000	0,350000	2021-05-15T14:31:35:115
2,940000	0,420000	0,280000	2021-05-15T14:31:35:131
3,010000	0,420000	0,420000	2021-05-15T14:31:35:154
2,870000	0,840000	0,910000	2021-05-15T14:31:35:171
2,450000	0,910000	0,980000	2021-05-15T14:31:35:196
1,750000	0,980000	0,630000	2021-05-15T14:31:35:211
1,260000	1,260000	0,210000	2021-05-15T14:31:35:232
1,540000	0,490000	0,910000	2021-05-15T14:31:35:252
1,190000	0,070000	0,560000	2021-05-15T14:31:35:275
1,680000	-0,280000	0,770000	2021-05-15T14:31:35:291
2,730000	-0,350000	0,420000	2021-05-15T14:31:35:314
2,170000	-0,070000	0,140000	2021-05-15T14:31:35:331
2,730000	-0,070000	-0,280000	2021-05-15T14:31:35:355
3,360000	0,560000	-0,350000	2021-05-15T14:31:35:372
2,030000	0,350000	-0,350000	2021-05-15T14:31:35:394
0,770000	0,070000	0,560000	2021-05-15T14:31:35:422
0,630000	-0,070000	0,840000	2021-05-15T14:31:35:436
-0,770000	-0,280000	0,420000	2021-05-15T14:31:35:451
-1,330000	-0,210000	0,420000	2021-05-15T14:31:35:474
-1,330000	-0,560000	-0,560000	2021-05-15T14:31:35:491
-1,820000	-0,700000	-0,840000	2021-05-15T14:31:35:515
-2,800000	-0,980000	-0,700000	2021-05-15T14:31:35:531
-3,010000	-1,190000	-0,560000	2021-05-15T14:31:35:554
-2,940000	-0,980000	-0,770000	2021-05-15T14:31:35:572
-2,380000	-1,470000	-0,210000	2021-05-15T14:31:35:680
-1,890000	-1,330000	-0,140000	2021-05-15T14:31:35:683
-0,980000	-1,050000	-0,280000	2021-05-15T14:31:35:689
-0,350000	-1,680000	-0,280000	2021-05-15T14:31:35:694
-1,050000	-1,680000	0,070000	2021-05-15T14:31:35:698
-1,120000	-1,680000	0,350000	2021-05-15T14:31:35:709
-1,400000	-1,400000	-0,070000	2021-05-15T14:31:35:714
-2,800000	-1,680000	-0,070000	2021-05-15T14:31:35:730
-4,060000	-2,730000	0,140000	2021-05-15T14:31:35:754
-5,880000	-3,360000	0,070000	2021-05-15T14:31:35:773
-6,510000	-3,290000	-0,140000	2021-05-15T14:31:35:794
-7,070000	-3,010000	-0,630000	2021-05-15T14:31:35:811
-7,560000	-2,800000	-0,700000	2021-05-15T14:31:35:835
-7,910000	-3,080000	-0,490000	2021-05-15T14:31:35:852
-8,120000	-3,010000	-0,070000	2021-05-15T14:31:35:875
-7,630000	-2,520000	-0,070000	2021-05-15T14:31:35:892
-5,740000	-1,750000	-0,490000	2021-05-15T14:31:35:915
-2,940000	-1,190000	-0,420000	2021-05-15T14:31:35:932
-1,260000	-1,820000	-0,420000	2021-05-15T14:31:35:954
-0,560000	-1,610000	-0,070000	2021-05-15T14:31:35:982
1,260000	-1,540000	0,070000	2021-05-15T14:31:35:996
2,030000	-1,190000	0,070000	2021-05-15T14:31:36:12
2,520000	-0,700000	0,140000	2021-05-15T14:31:36:34
2,590000	-0,630000	0,350000	2021-05-15T14:31:36:52
1,890000	-0,420000	0,280000	2021-05-15T14:31:36:76
1,890000	-0,980000	-0,210000	2021-05-15T14:31:36:92
-0,630000	-1,190000	-0,280000	2021-05-15T14:31:36:115
-1,120000	-1,260000	-0,350000	2021-05-15T14:31:36:132
-1,890000	-1,330000	-0,560000	2021-05-15T14:31:36:156
-2,030000	-1,190000	-0,700000	2021-05-15T14:31:36:172
-2,800000	-1,050000	-0,630000	2021-05-15T14:31:36:194
-3,640000	-0,840000	-0,420000	2021-05-15T14:31:36:212
-2,660000	-0,630000	0,070000	2021-05-15T14:31:36:236
-1,470000	-0,070000	0,280000	2021-05-15T14:31:36:252
-0,910000	0,420000	0,070000	2021-05-15T14:31:36:276
0,070000	-0,280000	0,280000	2021-05-15T14:31:36:292
0,560000	-0,210000	0,070000	2021-05-15T14:31:36:316
1,120000	-0,210000	-0,560000	2021-05-15T14:31:36:332
1,750000	-0,420000	-0,070000	2021-05-15T14:31:36:355
1,680000	-0,070000	-0,210000	2021-05-15T14:31:36:372
0,700000	-0,140000	-0,140000	2021-05-15T14:31:36:395
0,630000	-0,700000	-0,070000	2021-05-15T14:31:36:412
0,630000	-0,700000	-0,210000	2021-05-15T14:31:36:435
-0,630000	-0,630000	-0,490000	2021-05-15T14:31:36:452
-0,980000	-0,840000	-0,280000	2021-05-15T14:31:36:475
-0,700000	-0,770000	-0,350000	2021-05-15T14:31:36:492
-0,560000	-0,700000	-0,070000	2021-05-15T14:31:36:518
-0,700000	-0,490000	0,140000	2021-05-15T14:31:36:532
-1,330000	-0,140000	0,350000	2021-05-15T14:31:36:556
-1,400000	-0,280000	0,560000	2021-05-15T14:31:36:573
-0,980000	-0,280000	0,560000	2021-05-15T14:31:36:596
-0,840000	-0,280000	0,350000	2021-05-15T14:31:36:612
-0,840000	-0,140000	0,210000	2021-05-15T14:31:36:636
-0,490000	-1,120000	0,350000	2021-05-15T14:31:36:652
-0,490000	-0,770000	-0,140000	2021-05-15T14:31:36:676
-0,280000	-1,050000	0,070000	2021-05-15T14:31:36:693
-0,280000	-0,630000	0,140000	2021-05-15T14:31:36:716
0,210000	-0,560000	0,280000	2021-05-15T14:31:36:732
-0,210000	-0,630000	0,420000	2021-05-15T14:31:36:756
-1,190000	-0,560000	0,210000	2021-05-15T14:31:36:775
-1,190000	-0,700000	0,070000	2021-05-15T14:31:36:796
-0,770000	-0,910000	-0,070000	2021-05-15T14:31:36:813
-0,840000	-0,700000	-0,210000	2021-05-15T14:31:36:835
-0,630000	-1,190000	0,070000	2021-05-15T14:31:36:853
0,140000	-0,700000	0,140000	2021-05-15T14:31:36:877
0,280000	-0,630000	0,140000	2021-05-15T14:31:36:893
0,280000	-0,420000	0,210000	2021-05-15T14:31:36:916
0,980000	0,070000	0,210000	2021-05-15T14:31:36:933
1,120000	0,140000	0,070000	2021-05-15T14:31:36:956
0,980000	0,070000	0,140000	2021-05-15T14:31:36:973
1,400000	-0,420000	0,280000	2021-05-15T14:31:36:996
1,050000	-0,490000	0,210000	2021-05-15T14:31:37:13
1,610000	-0,140000	-0,070000	2021-05-15T14:31:37:36
2,450000	0,070000	0,210000	2021-05-15T14:31:37:53
2,520000	0,070000	0,070000	2021-05-15T14:31:37:76
2,870000	-0,070000	0,560000	2021-05-15T14:31:37:93
1,960000	-0,070000	0,490000	2021-05-15T14:31:37:116
0,280000	-0,070000	0,420000	2021-05-15T14:31:37:133
0,070000	-0,560000	0,420000	2021-05-15T14:31:37:156
0,070000	-1,190000	0,070000	2021-05-15T14:31:37:173
0,070000	-1,260000	-0,070000	2021-05-15T14:31:37:197
-0,980000	-1,120000	-0,980000	2021-05-15T14:31:37:213
-1,960000	-1,190000	-0,770000	2021-05-15T14:31:37:236
-1,610000	-1,470000	-0,140000	2021-05-15T14:31:37:253
-1,050000	-1,190000	0,280000	2021-05-15T14:31:37:277
-0,980000	-0,630000	0,280000	2021-05-15T14:31:37:293
0,210000	-0,210000	-0,210000	2021-05-15T14:31:37:316
1,750000	0,420000	-0,560000	2021-05-15T14:31:37:333
1,820000	-0,490000	0,210000	2021-05-15T14:31:37:357
0,840000	-0,210000	0,280000	2021-05-15T14:31:37:373
0,630000	-0,210000	0,280000	2021-05-15T14:31:37:396
0,560000	-0,560000	0,140000	2021-05-15T14:31:37:413
0,630000	-0,630000	-0,280000	2021-05-15T14:31:37:437
0,980000	-0,350000	-0,210000	2021-05-15T14:31:37:453
0,840000	-0,350000	-0,070000	2021-05-15T14:31:37:476
0,560000	0,210000	0,350000	2021-05-15T14:31:37:493
0,420000	0,210000	0,490000	2021-05-15T14:31:37:517
0,140000	-0,070000	0,140000	2021-05-15T14:31:37:534
0,560000	-0,280000	-0,210000	2021-05-15T14:31:37:556
1,190000	-0,140000	-0,350000	2021-05-15T14:31:37:574
0,980000	0,140000	-0,280000	2021-05-15T14:31:37:597
1,190000	0,420000	-0,280000	2021-05-15T14:31:37:613
2,590000	0,770000	0,350000	2021-05-15T14:31:37:636
3,150000	0,840000	0,420000	2021-05-15T14:31:37:655
2,870000	1,190000	0,420000	2021-05-15T14:31:37:677
3,570000	0,630000	0,350000	2021-05-15T14:31:37:694
3,850000	0,350000	0,560000	2021-05-15T14:31:37:716
3,500000	0,490000	0,280000	2021-05-15T14:31:37:733
3,360000	0,490000	0,700000	2021-05-15T14:31:37:757
2,170000	-0,350000	0,910000	2021-05-15T14:31:37:776
1,050000	-0,560000	0,910000	2021-05-15T14:31:37:796
0,560000	-0,770000	0,770000	2021-05-15T14:31:37:813
0,420000	-0,490000	0,420000	2021-05-15T14:31:37:837
-0,280000	-0,630000	0,420000	2021-05-15T14:31:37:854
-1,470000	-1,050000	0,630000	2021-05-15T14:31:37:876
-2,100000	-1,470000	0,560000	2021-05-15T14:31:37:894
-2,520000	-1,610000	0,210000	2021-05-15T14:31:37:917
-2,240000	-1,540000	0,280000	2021-05-15T14:31:37:934
-1,610000	-1,260000	0,490000	2021-05-15T14:31:37:956
-1,470000	-0,700000	0,700000	2021-05-15T14:31:37:974
-1,610000	-0,560000	0,700000	2021-05-15T14:31:37:996
-2,030000	-0,420000	0,560000	2021-05-15T14:31:38:13
-2,100000	-0,070000	0,210000	2021-05-15T14:31:38:36
-2,170000	-1,050000	0,490000	2021-05-15T14:31:38:54
-1,890000	-1,680000	0,560000	2021-05-15T14:31:38:79
-2,450000	-1,750000	-0,070000	2021-05-15T14:31:38:94
-2,590000	-2,310000	-0,210000	2021-05-15T14:31:38:117
-3,150000	-1,820000	-0,770000	2021-05-15T14:31:38:134
-2,800000	-1,960000	-0,490000	2021-05-15T14:31:38:157
-3,080000	-1,960000	-0,280000	2021-05-15T14:31:38:174
-5,320000	-1,890000	-0,280000	2021-05-15T14:31:38:196
-6,370000	-2,310000	-0,070000	2021-05-15T14:31:38:214
-5,810000	-2,380000	-0,140000	2021-05-15T14:31:38:237
-5,530000	-2,310000	-0,420000	2021-05-15T14:31:38:254
-4,060000	-1,820000	-0,420000	2021-05-15T14:31:38:277
-3,010000	-1,260000	-0,070000	2021-05-15T14:31:38:294
-2,660000	-1,120000	0,350000	2021-05-15T14:31:38:318
-1,610000	-1,120000	0,770000	2021-05-15T14:31:38:334
-0,630000	-0,840000	0,770000	2021-05-15T14:31:38:356
0,770000	-0,280000	0,070000	2021-05-15T14:31:38:374
1,820000	-0,280000	-0,280000	2021-05-15T14:31:38:398
1,820000	-1,190000	-0,210000	2021-05-15T14:31:38:414
0,560000	-1,120000	-0,630000	2021-05-15T14:31:38:437
-0,070000	-1,400000	-0,210000	2021-05-15T14:31:38:454
-0,840000	-1,330000	-0,210000	2021-05-15T14:31:38:478
-1,330000	-0,840000	-0,420000	2021-05-15T14:31:38:494
-1,330000	-0,770000	-0,210000	2021-05-15T14:31:38:516
-1,120000	-0,490000	-0,210000	2021-05-15T14:31:38:534
-1,960000	-0,700000	-0,210000	2021-05-15T14:31:38:558
-1,610000	-0,910000	-0,210000	2021-05-15T14:31:38:574
-1,540000	-1,120000	-0,140000	2021-05-15T14:31:38:597
-0,980000	-1,120000	-0,420000	2021-05-15T14:31:38:614
-0,560000	-0,770000	-0,560000	2021-05-15T14:31:38:638
-1,120000	-0,630000	-0,420000	2021-05-15T14:31:38:654
-1,190000	-0,420000	-0,350000	2021-05-15T14:31:38:677
-0,560000	-0,420000	0,070000	2021-05-15T14:31:38:694
-0,070000	-0,070000	0,280000	2021-05-15T14:31:38:718
0,210000	0,350000	0,140000	2021-05-15T14:31:38:734
0,910000	-0,490000	0,280000	2021-05-15T14:31:38:757
0,770000	-0,630000	-0,210000	2021-05-15T14:31:38:777
0,700000	-0,630000	-0,350000	2021-05-15T14:31:38:798
0,420000	-0,770000	-0,280000	2021-05-15T14:31:38:814
-0,070000	-0,280000	-0,140000	2021-05-15T14:31:38:837
-0,280000	-0,420000	0,350000	2021-05-15T14:31:38:855
-0,070000	-0,280000	0,560000	2021-05-15T14:31:38:879
-0,630000	-0,490000	0,280000	2021-05-15T14:31:38:894
-0,560000	-1,050000	0,140000	2021-05-15T14:31:38:917
0,070000	-1,120000	-0,140000	2021-05-15T14:31:38:934
-0,350000	-0,980000	-0,210000	2021-05-15T14:31:38:958
-0,350000	-0,700000	-0,070000	2021-05-15T14:31:38:975
-0,490000	-0,490000	0,070000	2021-05-15T14:31:38:998
-0,980000	-0,490000	0,280000	2021-05-15T14:31:39:14
-1,050000	-0,770000	0,350000	2021-05-15T14:31:39:38
-0,630000	-0,630000	0,210000	2021-05-15T14:31:39:55
-0,840000	-0,630000	-0,140000	2021-05-15T14:31:39:78
-0,560000	-0,560000	-0,070000	2021-05-15T14:31:39:95
-0,350000	-1,050000	0,070000	2021-05-15T14:31:39:120
0,840000	-0,560000	0,070000	2021-05-15T14:31:39:145
0,700000	-0,630000	0,350000	2021-05-15T14:31:39:158
0,070000	-0,420000	0,490000	2021-05-15T14:31:39:175
0,210000	-0,280000	0,770000	2021-05-15T14:31:39:199
-0,490000	-0,350000	0,770000	2021-05-15T14:31:39:215
-0,210000	-0,490000	0,630000	2021-05-15T14:31:39:237
0,420000	-0,630000	0,490000	2021-05-15T14:31:39:255
0,840000	-0,700000	0,490000	2021-05-15T14:31:39:278
0,770000	-0,630000	-0,070000	2021-05-15T14:31:39:295
0,560000	-0,770000	-0,140000	2021-05-15T14:31:39:318
0,840000	-0,630000	0,280000	2021-05-15T14:31:39:335
-0,140000	-0,140000	0,420000	2021-05-15T14:31:39:359
-0,770000	-0,210000	0,560000	2021-05-15T14:31:39:375
0,700000	0,280000	0,630000	2021-05-15T14:31:39:398
0,910000	0,560000	0,420000	2021-05-15T14:31:39:415
0,700000	0,490000	0,210000	2021-05-15T14:31:39:437
0,840000	-0,210000	0,560000	2021-05-15T14:31:39:455
0,490000	-0,630000	0,630000	2021-05-15T14:31:39:478
0,980000	-0,350000	0,350000	2021-05-15T14:31:39:495
0,980000	-0,490000	0,280000	2021-05-15T14:31:39:520
1,400000	-0,280000	0,280000	2021-05-15T14:31:39:536
2,030000	-0,560000	0,350000	2021-05-15T14:31:39:558
0,910000	-0,350000	0,210000	2021-05-15T14:31:39:576
-0,490000	-0,210000	0,350000	2021-05-15T14:31:39:599
-0,070000	-0,210000	0,630000	2021-05-15T14:31:39:615
0,630000	-0,140000	0,910000	2021-05-15T14:31:39:638
0,840000	-0,210000	0,770000	2021-05-15T14:31:39:655
0,140000	-0,280000	0,210000	2021-05-15T14:31:39:680
0,840000	-0,070000	-0,140000	2021-05-15T14:31:39:696
1,260000	-0,210000	-0,070000	2021-05-15T14:31:39:718
0,980000	0,070000	0,140000	2021-05-15T14:31:39:735
0,910000	0,070000	0,140000	2021-05-15T14:31:39:759
0,490000	0,070000	-0,210000	2021-05-15T14:31:39:777
0,980000	0,420000	-0,700000	2021-05-15T14:31:39:798
1,330000	-0,280000	-0,140000	2021-05-15T14:31:39:816
1,890000	0,070000	-0,140000	2021-05-15T14:31:39:840
2,030000	-0,280000	0,350000	2021-05-15T14:31:39:856
1,260000	-0,490000	0,210000	2021-05-15T14:31:39:879
0,980000	-0,420000	0,070000	2021-05-15T14:31:39:896
0,770000	0,070000	-0,210000	2021-05-15T14:31:39:919
0,770000	0,560000	-0,140000	2021-05-15T14:31:39:936
0,980000	0,350000	0,140000	2021-05-15T14:31:39:958
0,350000	-0,140000	0,350000	2021-05-15T14:31:39:976
-0,350000	-0,210000	0,420000	2021-05-15T14:31:40:0
-0,140000	-0,350000	0,420000	2021-05-15T14:31:40:16
0,210000	-0,420000	-0,350000	2021-05-15T14:31:40:38
0,350000	-0,350000	-0,280000	2021-05-15T14:31:40:56
-0,490000	-0,210000	0,210000	2021-05-15T14:31:40:80
-1,820000	0,070000	0,420000	2021-05-15T14:31:40:96
-2,100000	-0,280000	0,560000	2021-05-15T14:31:40:119
-2,450000	-0,140000	-0,140000	2021-05-15T14:31:40:136
-2,590000	-0,700000	-0,140000	2021-05-15T14:31:40:160
-1,960000	-1,330000	-0,280000	2021-05-15T14:31:40:176
-1,400000	-1,120000	-0,490000	2021-05-15T14:31:40:199
-1,120000	-1,400000	-0,210000	2021-05-15T14:31:40:216
-1,190000	-0,910000	0,070000	2021-05-15T14:31:40:239
-1,470000	-1,120000	0,140000	2021-05-15T14:31:40:256
-1,680000	-1,260000	0,140000	2021-05-15T14:31:40:279
-2,800000	-1,050000	0,140000	2021-05-15T14:31:40:296
-3,570000	-1,470000	-0,140000	2021-05-15T14:31:40:320
-3,570000	-1,750000	0,280000	2021-05-15T14:31:40:336
-4,200000	-1,960000	0,140000	2021-05-15T14:31:40:359
-4,060000	-1,750000	-0,210000	2021-05-15T14:31:40:376
-3,430000	-1,680000	-0,350000	2021-05-15T14:31:40:400
-3,710000	-1,750000	-0,280000	2021-05-15T14:31:40:416
-3,920000	-1,820000	-0,210000	2021-05-15T14:31:40:439
-3,150000	-2,030000	-0,420000	2021-05-15T14:31:40:456
-2,730000	-1,750000	-0,770000	2021-05-15T14:31:40:480
-1,820000	-1,120000	-1,050000	2021-05-15T14:31:40:496
-0,070000	-1,540000	-0,070000	2021-05-15T14:31:40:519
0,210000	-1,050000	-0,210000	2021-05-15T14:31:40:536
0,840000	-1,120000	0,210000	2021-05-15T14:31:40:560
1,120000	-1,050000	0,280000	2021-05-15T14:31:40:576
1,050000	-0,910000	0,070000	2021-05-15T14:31:40:599
1,260000	-0,490000	0,210000	2021-05-15T14:31:40:616
1,330000	-0,280000	0,210000	2021-05-15T14:31:40:640
0,210000	-0,420000	-0,070000	2021-05-15T14:31:40:656
-1,470000	-0,980000	-0,070000	2021-05-15T14:31:40:678
-2,030000	-1,260000	-0,070000	2021-05-15T14:31:40:696
-2,100000	-1,120000	-0,280000	2021-05-15T14:31:40:720
-2,170000	-0,700000	-0,560000	2021-05-15T14:31:40:736
-1,680000	-0,350000	-0,280000	2021-05-15T14:31:40:760
-1,190000	0,070000	0,140000	2021-05-15T14:31:40:779
-0,840000	0,070000	0,490000	2021-05-15T14:31:40:800
-0,770000	-0,070000	0,420000	2021-05-15T14:31:40:816
-1,190000	-0,070000	0,210000	2021-05-15T14:31:40:839
-0,420000	-0,630000	0,420000	2021-05-15T14:31:40:856
0,420000	-0,490000	0,350000	2021-05-15T14:31:40:880
0,280000	-0,070000	-0,070000	2021-05-15T14:31:40:897
0,560000	-0,140000	0,350000	2021-05-15T14:31:40:919
0,910000	-0,140000	0,420000	2021-05-15T14:31:40:937
0,840000	0,140000	0,700000	2021-05-15T14:31:40:960
0,700000	-0,070000	1,120000	2021-05-15T14:31:40:977
0,070000	-0,070000	0,700000	2021-05-15T14:31:41:2
0,210000	-0,210000	0,140000	2021-05-15T14:31:41:17
0,910000	-0,280000	-0,140000	2021-05-15T14:31:41:41
0,490000	-0,490000	-0,280000	2021-05-15T14:31:41:59
-0,280000	-0,630000	-0,140000	2021-05-15T14:31:41:80
-0,980000	-0,490000	0,210000	2021-05-15T14:31:41:97
-1,680000	-0,560000	0,490000	2021-05-15T14:31:41:121
-1,750000	-0,630000	0,490000	2021-05-15T14:31:41:137
-0,630000	-0,420000	0,630000	2021-05-15T14:31:41:160
-0,420000	-0,140000	0,280000	2021-05-15T14:31:41:177
-0,700000	-0,070000	0,140000	2021-05-15T14:31:41:200
-0,350000	-0,910000	0,280000	2021-05-15T14:31:41:217
-0,420000	-0,840000	0,210000	2021-05-15T14:31:41:241
-0,490000	-0,770000	0,070000	2021-05-15T14:31:41:257
-0,490000	-1,120000	0,140000	2021-05-15T14:31:41:280
-0,280000	-0,770000	0,140000	2021-05-15T14:31:41:297
-0,420000	-0,630000	0,070000	2021-05-15T14:31:41:320
0,490000	-0,280000	0,420000	2021-05-15T14:31:41:337
0,210000	-0,070000	0,280000	2021-05-15T14:31:41:360
0,280000	-0,630000	0,630000	2021-05-15T14:31:41:377
0,630000	-0,700000	0,350000	2021-05-15T14:31:41:400
0,770000	-0,770000	-0,070000	2021-05-15T14:31:41:417
1,470000	-0,280000	-0,490000	2021-05-15T14:31:41:441
1,750000	-0,280000	-0,420000	2021-05-15T14:31:41:457
1,120000	0,070000	0,070000	2021-05-15T14:31:41:480
0,700000	0,070000	0,280000	2021-05-15T14:31:41:497
0,910000	0,350000	0,280000	2021-05-15T14:31:41:524
1,050000	0,420000	0,140000	2021-05-15T14:31:41:536
1,260000	0,490000	0,210000	2021-05-15T14:31:41:560
1,400000	-0,280000	0,350000	2021-05-15T14:31:41:577
1,540000	0,070000	0,210000	2021-05-15T14:31:41:601
1,610000	0,210000	0,420000	2021-05-15T14:31:41:617
1,330000	0,140000	0,420000	2021-05-15T14:31:41:640
1,050000	0,140000	0,700000	2021-05-15T14:31:41:657
0,980000	0,140000	0,840000	2021-05-15T14:31:41:692
0,840000	-0,070000	0,700000	2021-05-15T14:31:41:698
0,700000	-0,070000	0,560000	2021-05-15T14:31:41:720
0,140000	-0,210000	0,420000	2021-05-15T14:31:41:737
0,700000	-0,210000	0,490000	2021-05-15T14:31:41:761
0,910000	0,070000	0,490000	2021-05-15T14:31:41:780
0,770000	0,140000	0,350000	2021-05-15T14:31:41:800
0,840000	0,140000	0,840000	2021-05-15T14:31:41:817
0,630000	0,490000	0,700000	2021-05-15T14:31:41:841
0,980000	0,420000	0,700000	2021-05-15T14:31:41:858
1,120000	0,420000	0,560000	2021-05-15T14:31:41:880
0,980000	0,840000	0,560000	2021-05-15T14:31:41:897
1,610000	0,700000	0,630000	2021-05-15T14:31:41:921
2,030000	0,490000	1,050000	2021-05-15T14:31:41:938
2,520000	0,630000	0,910000	2021-05-15T14:31:41:960
2,660000	-0,070000	0,980000	2021-05-15T14:31:41:978
2,870000	0,070000	0,560000	2021-05-15T14:31:42:1
3,570000	0,420000	0,490000	2021-05-15T14:31:42:18
3,500000	0,910000	0,630000	2021-05-15T14:31:42:40
2,520000	0,840000	0,840000	2021-05-15T14:31:42:58
2,170000	0,420000	1,260000	2021-05-15T14:31:42:82
0,700000	0,280000	1,050000	2021-05-15T14:31:42:98
0,980000	0,280000	0,840000	2021-05-15T14:31:42:120
1,820000	0,210000	0,420000	2021-05-15T14:31:42:138
1,750000	0,630000	0,350000	2021-05-15T14:31:42:162
1,330000	0,560000	0,560000	2021-05-15T14:31:42:178
1,120000	0,560000	1,050000	2021-05-15T14:31:42:200
0,490000	0,140000	1,190000	2021-05-15T14:31:42:218
-0,980000	0,070000	0,770000	2021-05-15T14:31:42:241
-1,540000	0,630000	0,420000	2021-05-15T14:31:42:258
-1,610000	-0,350000	0,700000	2021-05-15T14:31:42:281
-1,400000	-0,420000	0,630000	2021-05-15T14:31:42:298
-0,420000	-0,700000	1,050000	2021-05-15T14:31:42:322
-0,630000	-0,840000	1,050000	2021-05-15T14:31:42:338
-1,330000	-0,490000	1,120000	2021-05-15T14:31:42:361
-1,120000	-0,630000	0,910000	2021-05-15T14:31:42:378
-0,840000	-0,560000	0,490000	2021-05-15T14:31:42:402
-1,680000	-0,980000	-0,070000	2021-05-15T14:31:42:418
-2,520000	-1,470000	-0,420000	2021-05-15T14:31:42:441
-3,290000	-1,680000	0,070000	2021-05-15T14:31:42:458
-4,130000	-1,680000	0,070000	2021-05-15T14:31:42:482
-4,480000	-1,470000	0,210000	2021-05-15T14:31:42:498
-4,620000	-1,540000	0,490000	2021-05-15T14:31:42:521
-5,180000	-1,610000	0,350000	2021-05-15T14:31:42:538
-4,690000	-1,330000	0,280000	2021-05-15T14:31:42:562
-3,640000	-0,910000	-0,280000	2021-05-15T14:31:42:579
-2,870000	-0,630000	-0,700000	2021-05-15T14:31:42:601
-2,030000	-0,770000	-0,070000	2021-05-15T14:31:42:618
-2,450000	-1,330000	0,140000	2021-05-15T14:31:42:642
-1,820000	-0,980000	-0,280000	2021-05-15T14:31:42:658
0,070000	-1,190000	-0,350000	2021-05-15T14:31:42:681
0,490000	-0,770000	-0,840000	2021-05-15T14:31:42:698
1,120000	-0,630000	-0,560000	2021-05-15T14:31:42:722
1,750000	-0,280000	-0,210000	2021-05-15T14:31:42:738
0,770000	0,070000	-0,140000	2021-05-15T14:31:42:761
-0,560000	-0,210000	-0,070000	2021-05-15T14:31:42:780
-0,630000	-0,770000	0,140000	2021-05-15T14:31:42:802
-1,330000	-0,700000	-0,210000	2021-05-15T14:31:42:818
-1,750000	-0,630000	-0,420000	2021-05-15T14:31:42:841
-2,380000	-0,700000	-0,420000	2021-05-15T14:31:42:858
-2,590000	-0,490000	-0,350000	2021-05-15T14:31:42:883
-2,870000	-0,420000	-0,070000	2021-05-15T14:31:42:898
-2,660000	-0,490000	0,210000	2021-05-15T14:31:42:921
-2,380000	-0,210000	-0,140000	2021-05-15T14:31:42:938
-2,170000	-0,280000	-0,350000	2021-05-15T14:31:42:962
-0,980000	-1,190000	-0,070000	2021-05-15T14:31:42:979
-0,280000	-0,630000	-0,560000	2021-05-15T14:31:43:1
0,630000	-0,700000	-0,210000	2021-05-15T14:31:43:18
0,560000	-0,350000	-0,210000	2021-05-15T14:31:43:42
0,560000	0,140000	-0,210000	2021-05-15T14:31:43:59
0,420000	-0,140000	0,630000	2021-05-15T14:31:43:82
-0,070000	0,210000	0,770000	2021-05-15T14:31:43:99
-0,700000	0,210000	0,560000	2021-05-15T14:31:43:124
-0,490000	-0,070000	0,490000	2021-05-15T14:31:43:138
-0,490000	-0,070000	-0,070000	2021-05-15T14:31:43:162
-0,490000	-0,490000	-0,210000	2021-05-15T14:31:43:180
-0,490000	-0,840000	-0,280000	2021-05-15T14:31:43:203
-0,630000	-0,490000	-0,140000	2021-05-15T14:31:43:219
-1,120000	-0,280000	0,070000	2021-05-15T14:31:43:241
-0,210000	-0,210000	0,210000	2021-05-15T14:31:43:260
-0,070000	-0,070000	0,070000	2021-05-15T14:31:43:283
-0,070000	-0,140000	0,210000	2021-05-15T14:31:43:299
0,840000	-0,210000	0,700000	2021-05-15T14:31:43:322
0,630000	-0,070000	0,910000	2021-05-15T14:31:43:339
0,210000	-0,070000	0,420000	2021-05-15T14:31:43:363
-0,280000	-0,490000	0,420000	2021-05-15T14:31:43:380
0,140000	-0,420000	0,350000	2021-05-15T14:31:43:403
0,070000	-0,630000	0,630000	2021-05-15T14:31:43:419
0,140000	-0,630000	0,910000	2021-05-15T14:31:43:443
-0,280000	-0,420000	0,560000	2021-05-15T14:31:43:459
-0,980000	-0,560000	0,280000	2021-05-15T14:31:43:482
-1,120000	-0,910000	0,140000	2021-05-15T14:31:43:499
-1,120000	-1,050000	-0,070000	2021-05-15T14:31:43:523
-0,210000	-0,770000	-0,070000	2021-05-15T14:31:43:540
0,070000	-0,280000	-0,070000	2021-05-15T14:31:43:562
0,280000	0,140000	0,490000	2021-05-15T14:31:43:579
0,840000	0,420000	0,630000	2021-05-15T14:31:43:603
1,750000	0,490000	0,770000	2021-05-15T14:31:43:619
1,820000	0,420000	0,770000	2021-05-15T14:31:43:642
2,170000	0,700000	0,350000	2021-05-15T14:31:43:660
3,360000	0,280000	0,280000	2021-05-15T14:31:43:684
2,450000	0,140000	-0,140000	2021-05-15T14:31:43:700
1,890000	-0,070000	-0,140000	2021-05-15T14:31:43:722
0,490000	-0,490000	-0,070000	2021-05-15T14:31:43:739
-0,910000	-0,770000	-0,210000	2021-05-15T14:31:43:763
-0,910000	-0,840000	-0,280000	2021-05-15T14:31:43:781
2,310000	-0,700000	-0,490000	2021-05-15T14:31:43:802
2,730000	-0,280000	-0,280000	2021-05-15T14:31:43:819
2,520000	-0,070000	0,210000	2021-05-15T14:31:43:843
2,380000	0,070000	0,490000	2021-05-15T14:31:43:860
2,170000	-0,140000	0,420000	2021-05-15T14:31:43:884
1,540000	-0,210000	0,350000	2021-05-15T14:31:43:900
1,470000	-0,140000	0,420000	2021-05-15T14:31:43:923
1,610000	0,350000	0,910000	2021-05-15T14:31:43:940
0,910000	0,910000	0,910000	2021-05-15T14:31:43:963
0,700000	0,840000	0,700000	2021-05-15T14:31:43:980
0,350000	0,770000	0,280000	2021-05-15T14:31:44:3
0,350000	0,630000	0,070000	2021-05-15T14:31:44:20
0,840000	-0,140000	0,560000	2021-05-15T14:31:44:42
1,680000	0,420000	0,140000	2021-05-15T14:31:44:60
1,960000	0,280000	0,140000	2021-05-15T14:31:44:84
1,540000	0,420000	-0,280000	2021-05-15T14:31:44:100
1,890000	0,490000	-0,070000	2021-05-15T14:31:44:122
1,890000	0,560000	0,140000	2021-05-15T14:31:44:140
1,890000	0,840000	0,490000	2021-05-15T14:31:44:164
1,960000	1,050000	1,050000	2021-05-15T14:31:44:180
1,470000	0,700000	0,840000	2021-05-15T14:31:44:203
1,120000	0,280000	0,420000	2021-05-15T14:31:44:220
2,310000	0,280000	0,280000	2021-05-15T14:31:44:243
2,100000	0,980000	0,210000	2021-05-15T14:31:44:260
0,910000	0,840000	0,490000	2021-05-15T14:31:44:283
-0,280000	0,560000	0,910000	2021-05-15T14:31:44:300
-1,680000	0,350000	0,630000	2021-05-15T14:31:44:324
-1,890000	0,280000	0,140000	2021-05-15T14:31:44:340
-0,980000	0,700000	-0,280000	2021-05-15T14:31:44:363
-0,210000	0,070000	0,140000	2021-05-15T14:31:44:380
-0,910000	-0,350000	0,140000	2021-05-15T14:31:44:404
-1,470000	-1,260000	0,070000	2021-05-15T14:31:44:420
-3,220000	-2,240000	-0,140000	2021-05-15T14:31:44:443
-4,200000	-1,890000	-0,490000	2021-05-15T14:31:44:460
-4,480000	-1,120000	-0,770000	2021-05-15T14:31:44:484
-3,360000	-0,210000	-0,560000	2021-05-15T14:31:44:500
-2,940000	0,980000	-0,350000	2021-05-15T14:31:44:523
-4,270000	0,630000	0,630000	2021-05-15T14:31:44:540
-5,320000	0,350000	1,540000	2021-05-15T14:31:44:564
-4,970000	0,980000	1,470000	2021-05-15T14:31:44:580
-3,710000	2,450000	0,560000	2021-05-15T14:31:44:603
-0,140000	3,430000	-0,350000	2021-05-15T14:31:44:620
0,770000	3,640000	-3,640000	2021-05-15T14:31:44:644
-3,570000	2,660000	-11,690000	2021-05-15T14:31:44:660
1,470000	3,500000	-25,059999	2021-05-15T14:31:44:684
15,750000	6,440000	-42,139999	2021-05-15T14:31:44:700
38,709999	7,770000	-54,810001	2021-05-15T14:31:44:724
52,570000	5,950000	-68,250000	2021-05-15T14:31:44:740
47,529999	4,900000	-82,110001	2021-05-15T14:31:44:764
41,650002	3,780000	-86,379997	2021-05-15T14:31:44:782
33,529999	1,750000	-97,370003	2021-05-15T14:31:44:804
45,290001	-1,540000	-105,910004	2021-05-15T14:31:44:820
64,820000	-5,600000	-118,510002	2021-05-15T14:31:44:844
77,070000	-8,330000	-129,570007	2021-05-15T14:31:44:860
90,230003	-11,200000	-132,160004	2021-05-15T14:31:44:885
119,419998	-14,910000	-132,509995	2021-05-15T14:31:44:900
140,139999	-17,710001	-138,389999	2021-05-15T14:31:44:924
137,619995	-18,969999	-143,500000	2021-05-15T14:31:44:940
151,270004	-17,710001	-146,020004	2021-05-15T14:31:44:964
173,529999	-20,160000	-143,850006	2021-05-15T14:31:44:981
181,369995	-25,690001	-141,820007	2021-05-15T14:31:45:4
171,710007	-27,440001	-143,570007	2021-05-15T14:31:45:20
154,279999	-25,830000	-141,680008	2021-05-15T14:31:45:45
143,430008	-24,360001	-137,479996	2021-05-15T14:31:45:61
143,570007	-28,000000	-134,889999	2021-05-15T14:31:45:84
143,289993	-28,070000	-133,630005	2021-05-15T14:31:45:101
140,490005	-27,510000	-126,419998	2021-05-15T14:31:45:125
127,889999	-26,250000	-116,340004	2021-05-15T14:31:45:141
100,940002	-25,480000	-104,860001	2021-05-15T14:31:45:164
73,989998	-21,280001	-94,779999	2021-05-15T14:31:45:181
61,529999	-15,680000	-80,849998	2021-05-15T14:31:45:205
61,389999	-12,180000	-64,540001	2021-05-15T14:31:45:221
61,529999	-9,660000	-53,900002	2021-05-15T14:31:45:244
69,090004	-7,840000	-40,950001	2021-05-15T14:31:45:261
71,959999	-8,470000	-29,610001	2021-05-15T14:31:45:286
70,000000	-10,360000	-21,210001	2021-05-15T14:31:45:301
54,459999	-2,800000	-10,710000	2021-05-15T14:31:45:324
-4,550000	-6,300000	-1,400000	2021-05-15T14:31:45:341
-33,250000	-12,460000	4,620000	2021-05-15T14:31:45:365
-5,390000	-5,880000	10,710000	2021-05-15T14:31:45:381
17,150000	3,430000	7,070000	2021-05-15T14:31:45:404
18,270000	3,570000	3,500000	2021-05-15T14:31:45:421
12,460000	0,910000	3,010000	2021-05-15T14:31:45:445
16,590000	-2,310000	4,830000	2021-05-15T14:31:45:461
38,290001	-4,900000	0,280000	2021-05-15T14:31:45:484
60,619999	-4,620000	-2,030000	2021-05-15T14:31:45:501
73,430000	-5,460000	-2,170000	2021-05-15T14:31:45:526
66,150002	-5,460000	-4,830000	2021-05-15T14:31:45:541
48,650002	-4,830000	-7,140000	2021-05-15T14:31:45:564
52,430000	-7,770000	-8,960000	2021-05-15T14:31:45:582
79,800003	-6,580000	-11,970000	2021-05-15T14:31:45:604
94,220001	-7,210000	-27,090000	2021-05-15T14:31:45:621
93,519997	-7,910000	-36,400002	2021-05-15T14:31:45:644
102,830002	-1,540000	-44,099998	2021-05-15T14:31:45:661
101,010002	7,980000	-51,029999	2021-05-15T14:31:45:686
95,410004	9,520000	-50,400002	2021-05-15T14:31:45:701
85,889999	12,880000	-50,680000	2021-05-15T14:31:45:724
72,940002	11,270000	-52,009998	2021-05-15T14:31:45:741
48,509998	11,900000	-52,709999	2021-05-15T14:31:45:765
41,090000	15,610000	-49,139999	2021-05-15T14:31:45:814
26,389999	15,260000	-44,520000	2021-05-15T14:31:45:851
8,050000	19,110001	-40,320000	2021-05-15T14:31:45:853
4,620000	21,070000	-38,779999	2021-05-15T14:31:45:862
8,890000	13,860000	-32,130001	2021-05-15T14:31:45:871
15,330000	3,010000	-29,820000	2021-05-15T14:31:45:886
27,090000	-1,120000	-27,930000	2021-05-15T14:31:45:956
17,430000	-0,560000	-26,740000	2021-05-15T14:31:45:957
5,390000	-2,240000	-23,170000	2021-05-15T14:31:45:978
-4,340000	-3,990000	-23,940001	2021-05-15T14:31:45:982
-12,880000	-3,290000	-22,750000	2021-05-15T14:31:45:984
-5,880000	-0,630000	-15,400000	2021-05-15T14:31:46:4
-6,230000	1,330000	-7,770000	2021-05-15T14:31:46:23
-11,970000	2,590000	-3,430000	2021-05-15T14:31:46:60
-13,230000	3,780000	-2,660000	2021-05-15T14:31:46:67
-13,370000	5,110000	2,800000	2021-05-15T14:31:46:98
-14,910000	5,530000	6,580000	2021-05-15T14:31:46:109
-9,030000	4,130000	6,090000	2021-05-15T14:31:46:127
-8,260000	1,470000	4,900000	2021-05-15T14:31:46:142
-10,640000	1,260000	3,570000	2021-05-15T14:31:46:165
-2,800000	2,240000	2,940000	2021-05-15T14:31:46:180
-4,620000	1,050000	4,620000	2021-05-15T14:31:46:206
-6,720000	2,730000	4,900000	2021-05-15T14:31:46:221
-0,490000	2,030000	4,200000	2021-05-15T14:31:46:245
0,980000	2,660000	2,730000	2021-05-15T14:31:46:260
2,100000	2,380000	1,680000	2021-05-15T14:31:46:283
-3,080000	2,030000	1,330000	2021-05-15T14:31:46:303
-0,700000	1,610000	0,560000	2021-05-15T14:31:46:325
8,960000	2,940000	-0,980000	2021-05-15T14:31:46:340
9,800000	2,660000	-0,910000	2021-05-15T14:31:46:363
6,860000	1,750000	-0,770000	2021-05-15T14:31:46:380
6,160000	1,820000	-2,450000	2021-05-15T14:31:46:411
10,220000	2,100000	-2,870000	2021-05-15T14:31:46:420
9,170000	0,980000	-1,120000	2021-05-15T14:31:46:443
-0,070000	1,120000	-1,750000	2021-05-15T14:31:46:460
-3,640000	1,050000	-2,870000	2021-05-15T14:31:46:483
2,940000	-0,490000	-3,500000	2021-05-15T14:31:46:500
5,740000	-0,700000	-4,900000	2021-05-15T14:31:46:524
1,960000	0,140000	-5,250000	2021-05-15T14:31:46:540
-1,680000	1,400000	-4,480000	2021-05-15T14:31:46:563
3,920000	1,890000	-5,250000	2021-05-15T14:31:46:580
6,930000	0,980000	-4,830000	2021-05-15T14:31:46:605
-2,310000	1,330000	-4,550000	2021-05-15T14:31:46:621
-10,640000	1,680000	-5,810000	2021-05-15T14:31:46:644
-2,520000	1,960000	-5,670000	2021-05-15T14:31:46:660
2,170000	1,260000	-4,900000	2021-05-15T14:31:46:683
1,050000	0,980000	-4,620000	2021-05-15T14:31:46:700
1,330000	1,120000	-4,480000	2021-05-15T14:31:46:729
4,270000	1,540000	-4,200000	2021-05-15T14:31:46:742
3,290000	1,470000	-4,200000	2021-05-15T14:31:46:776
4,130000	1,050000	-3,780000	2021-05-15T14:31:46:785
5,040000	-0,490000	-3,640000	2021-05-15T14:31:46:823
1,050000	-1,260000	-3,710000	2021-05-15T14:31:46:848
-12,180000	-0,420000	-3,500000	2021-05-15T14:31:46:859
-6,230000	-2,520000	-2,030000	2021-05-15T14:31:46:888
8,680000	-1,820000	-4,200000	2021-05-15T14:31:46:896
11,620000	-1,400000	-5,390000	2021-05-15T14:31:46:913
1,190000	-1,400000	-3,780000	2021-05-15T14:31:46:929
-3,010000	0,700000	-2,940000	2021-05-15T14:31:46:942
-2,240000	-0,630000	-0,070000	2021-05-15T14:31:46:967
-1,400000	0,280000	-0,070000	2021-05-15T14:31:46:982
0,420000	0,560000	-0,700000	2021-05-15T14:31:47:12
-0,140000	1,050000	-0,490000	2021-05-15T14:31:47:24
-1,050000	1,260000	0,630000	2021-05-15T14:31:47:47
0,350000	0,840000	0,560000	2021-05-15T14:31:47:62
0,910000	0,770000	-0,420000	2021-05-15T14:31:47:92
0,770000	-1,120000	0,700000	2021-05-15T14:31:47:106
6,160000	-0,560000	-0,070000	2021-05-15T14:31:47:128
11,970000	-1,120000	-1,540000	2021-05-15T14:31:47:152
11,410000	-1,820000	-1,120000	2021-05-15T14:31:47:163
2,800000	-1,400000	-1,540000	2021-05-15T14:31:47:181
-1,820000	-1,260000	-0,490000	2021-05-15T14:31:47:223
1,260000	-1,470000	-0,350000	2021-05-15T14:31:47:226
2,520000	-0,770000	-1,330000	2021-05-15T14:31:47:253
-1,050000	-0,910000	-0,840000	2021-05-15T14:31:47:263
-6,440000	-0,700000	-0,280000	2021-05-15T14:31:47:289
-3,010000	-0,140000	1,330000	2021-05-15T14:31:47:303
2,170000	0,140000	1,890000	2021-05-15T14:31:47:328
1,400000	-0,140000	2,310000	2021-05-15T14:31:47:343
-3,850000	-0,420000	2,800000	2021-05-15T14:31:47:365
-3,710000	-0,840000	1,750000	2021-05-15T14:31:47:386
-0,420000	-0,770000	0,210000	2021-05-15T14:31:47:407
3,850000	-0,560000	-0,140000	2021-05-15T14:31:47:424
3,220000	-0,420000	-0,280000	2021-05-15T14:31:47:448
-0,560000	-1,470000	0,280000	2021-05-15T14:31:47:464
0,770000	-1,260000	-1,260000	2021-05-15T14:31:47:490
9,450000	-1,820000	-1,120000	2021-05-15T14:31:47:514
8,680000	-3,010000	-1,330000	2021-05-15T14:31:47:526
2,450000	-1,680000	-2,660000	2021-05-15T14:31:47:544
4,970000	-1,260000	-1,330000	2021-05-15T14:31:47:569
1,470000	-1,330000	0,840000	2021-05-15T14:31:47:587
-1,750000	-0,630000	0,070000	2021-05-15T14:31:47:609
-5,460000	-0,280000	-0,420000	2021-05-15T14:31:47:624
-4,200000	-0,070000	0,770000	2021-05-15T14:31:47:647
-2,590000	-0,210000	1,680000	2021-05-15T14:31:47:665
0,070000	-0,910000	1,400000	2021-05-15T14:31:47:689
3,430000	-0,560000	-0,420000	2021-05-15T14:31:47:705
3,850000	-1,120000	-0,280000	2021-05-15T14:31:47:726
0,490000	-0,210000	-0,770000	2021-05-15T14:31:47:743
3,850000	-0,420000	-0,280000	2021-05-15T14:31:47:768
5,600000	-1,120000	0,420000	2021-05-15T14:31:47:788
-5,320000	-0,770000	0,980000	2021-05-15T14:31:47:810
-9,240000	-0,140000	1,470000	2021-05-15T14:31:47:825
0,140000	-0,630000	1,610000	2021-05-15T14:31:47:848
6,090000	-1,820000	2,240000	2021-05-15T14:31:47:864
-4,620000	-2,100000	2,450000	2021-05-15T14:31:47:890
-11,340000	-0,980000	0,980000	2021-05-15T14:31:47:904
-0,910000	-0,420000	0,420000	2021-05-15T14:31:47:928
6,930000	0,350000	-0,140000	2021-05-15T14:31:47:944
2,170000	0,280000	-0,420000	2021-05-15T14:31:47:966
-0,420000	-0,350000	-0,420000	2021-05-15T14:31:47:987
-1,890000	-0,630000	-0,210000	2021-05-15T14:31:48:9
1,750000	-0,140000	-0,350000	2021-05-15T14:31:48:24
0,980000	-0,140000	0,350000	2021-05-15T14:31:48:49
-2,800000	0,910000	-0,210000	2021-05-15T14:31:48:65
-1,960000	0,350000	0,420000	2021-05-15T14:31:48:89
-2,520000	0,280000	0,630000	2021-05-15T14:31:48:105
1,190000	-0,070000	0,140000	2021-05-15T14:31:48:127
3,710000	-0,280000	0,350000	2021-05-15T14:31:48:144
-0,770000	-0,140000	1,190000	2021-05-15T14:31:48:167
-1,400000	-0,350000	-0,210000	2021-05-15T14:31:48:188
7,140000	-0,490000	-2,800000	2021-05-15T14:31:48:208
9,940000	-0,700000	-2,660000	2021-05-15T14:31:48:225
-2,520000	-0,630000	-1,050000	2021-05-15T14:31:48:248
-1,820000	0,280000	-1,470000	2021-05-15T14:31:48:265
8,890000	-1,050000	-1,120000	2021-05-15T14:31:48:288
7,420000	-1,540000	-1,050000	2021-05-15T14:31:48:304
-3,990000	-0,980000	-2,170000	2021-05-15T14:31:48:329
-4,200000	-0,280000	-2,240000	2021-05-15T14:31:48:343
4,480000	0,560000	-1,750000	2021-05-15T14:31:48:365
4,830000	-0,840000	0,840000	2021-05-15T14:31:48:388
-7,140000	-0,560000	2,030000	2021-05-15T14:31:48:408
-12,390000	0,840000	3,010000	2021-05-15T14:31:48:425
-7,560000	0,070000	3,360000	2021-05-15T14:31:48:450
-0,210000	-0,490000	1,680000	2021-05-15T14:31:48:464
-0,140000	-0,560000	0,210000	2021-05-15T14:31:48:489
-5,040000	0,700000	0,840000	2021-05-15T14:31:48:504
-5,180000	0,280000	1,890000	2021-05-15T14:31:48:528
-1,330000	-0,770000	0,910000	2021-05-15T14:31:48:544
2,030000	-2,520000	0,910000	2021-05-15T14:31:48:566
-1,120000	-2,240000	0,910000	2021-05-15T14:31:48:590
-2,520000	-0,700000	0,980000	2021-05-15T14:31:48:610
0,070000	-1,120000	1,750000	2021-05-15T14:31:48:625
2,520000	-1,330000	2,100000	2021-05-15T14:31:48:649
-1,540000	-0,770000	0,980000	2021-05-15T14:31:48:665
-4,270000	-0,980000	0,070000	2021-05-15T14:31:48:688
4,830000	-1,330000	1,400000	2021-05-15T14:31:48:706
1,050000	-2,310000	3,990000	2021-05-15T14:31:48:730
-5,740000	-1,680000	1,540000	2021-05-15T14:31:48:756
0,770000	-1,400000	0,770000	2021-05-15T14:31:48:766
2,590000	-2,310000	2,170000	2021-05-15T14:31:48:791
-1,470000	-2,520000	1,610000	2021-05-15T14:31:48:820
0,700000	-1,750000	0,210000	2021-05-15T14:31:48:827
4,340000	-1,540000	0,910000	2021-05-15T14:31:48:849
-0,070000	-3,150000	5,530000	2021-05-15T14:31:48:864
-5,600000	-3,430000	6,440000	2021-05-15T14:31:48:889
-9,310000	-2,100000	4,060000	2021-05-15T14:31:48:905
-1,680000	-1,610000	2,100000	2021-05-15T14:31:48:928
1,750000	-1,820000	2,030000	2021-05-15T14:31:48:945
-0,980000	-2,590000	4,270000	2021-05-15T14:31:48:968
-8,680000	-2,730000	3,290000	2021-05-15T14:31:48:990
-2,170000	-0,980000	2,310000	2021-05-15T14:31:49:8
4,410000	-0,910000	4,620000	2021-05-15T14:31:49:27
-2,100000	-3,360000	9,520000	2021-05-15T14:31:49:49
-4,480000	-1,820000	7,350000	2021-05-15T14:31:49:65
5,390000	-0,910000	7,910000	2021-05-15T14:31:49:100
5,950000	-0,910000	10,570000	2021-05-15T14:31:49:108
2,800000	-5,180000	12,460000	2021-05-15T14:31:49:128
2,380000	-10,640000	8,960000	2021-05-15T14:31:49:145
21,210001	-11,200000	-0,420000	2021-05-15T14:31:49:168
42,070000	-7,630000	-6,090000	2021-05-15T14:31:49:189
33,389999	-5,040000	-3,150000	2021-05-15T14:31:49:210
-0,980000	-6,020000	6,230000	2021-05-15T14:31:49:226
-24,430000	-8,890000	12,670000	2021-05-15T14:31:49:246
-31,990000	-8,330000	14,490000	2021-05-15T14:31:49:265
-45,430000	-8,820000	20,650000	2021-05-15T14:31:49:289
-73,779999	-8,750000	29,330000	2021-05-15T14:31:49:307
-107,449997	-15,820000	44,590000	2021-05-15T14:31:49:330
-115,639999	-23,520000	55,720001	2021-05-15T14:31:49:346
-90,300003	-24,360001	77,279999	2021-05-15T14:31:49:371
-73,010002	-19,389999	76,930000	2021-05-15T14:31:49:384
-85,120003	-11,900000	81,550003	2021-05-15T14:31:49:409
-112,699997	-6,580000	76,019997	2021-05-15T14:31:49:425
-115,150002	-1,400000	79,029999	2021-05-15T14:31:49:450
-109,410004	15,470000	78,750000	2021-05-15T14:31:49:465
-102,760002	24,430000	79,870003	2021-05-15T14:31:49:490
-87,290001	25,690001	80,500000	2021-05-15T14:31:49:504
-60,200001	27,440001	80,919998	2021-05-15T14:31:49:530
-41,369999	36,259998	81,059998	2021-05-15T14:31:49:545
-43,540001	43,330002	83,510002	2021-05-15T14:31:49:569
-50,750000	46,900002	84,000000	2021-05-15T14:31:49:587
-33,459999	40,250000	80,220001	2021-05-15T14:31:49:611
2,660000	47,810001	73,779999	2021-05-15T14:31:49:626
18,969999	60,060001	64,889999	2021-05-15T14:31:49:648
-20,090000	68,669998	60,480000	2021-05-15T14:31:49:665
-55,860001	65,590004	61,880001	2021-05-15T14:31:49:692
-60,060001	57,119999	60,200001	2021-05-15T14:31:49:704
-33,740002	55,299999	51,520000	2021-05-15T14:31:49:730
-6,020000	56,000000	44,660000	2021-05-15T14:31:49:744
7,420000	53,270000	41,509998	2021-05-15T14:31:49:769
12,530000	51,730000	37,450001	2021-05-15T14:31:49:790
16,240000	50,959999	35,420002	2021-05-15T14:31:49:808
22,400000	47,599998	34,230000	2021-05-15T14:31:49:826
26,600000	43,119999	31,780001	2021-05-15T14:31:49:852
27,650000	37,590000	28,280001	2021-05-15T14:31:49:869
22,400000	31,639999	25,480000	2021-05-15T14:31:49:892
18,270000	29,469999	25,270000	2021-05-15T14:31:49:909
7,490000	26,460001	24,710001	2021-05-15T14:31:49:932
-4,410000	22,750000	24,430000	2021-05-15T14:31:49:946
-12,950000	18,690001	25,340000	2021-05-15T14:31:49:968
-17,570000	14,630000	25,690001	2021-05-15T14:31:49:986
-19,180000	12,320000	25,690001	2021-05-15T14:31:50:9
-21,350000	11,060000	26,250000	2021-05-15T14:31:50:28
-28,840000	11,550000	26,670000	2021-05-15T14:31:50:52
-36,119999	10,010000	26,320000	2021-05-15T14:31:50:66
-38,990002	8,120000	27,719999	2021-05-15T14:31:50:93
-38,009998	5,880000	28,910000	2021-05-15T14:31:50:106
-33,389999	2,800000	29,120001	2021-05-15T14:31:50:129
-26,880001	0,490000	27,510000	2021-05-15T14:31:50:147
-22,049999	0,840000	25,900000	2021-05-15T14:31:50:169
-19,879999	1,960000	24,219999	2021-05-15T14:31:50:186
-18,760000	2,870000	23,520000	2021-05-15T14:31:50:213
-18,549999	3,010000	22,820000	2021-05-15T14:31:50:227
-18,760000	2,870000	21,139999	2021-05-15T14:31:50:250
-17,639999	2,380000	18,969999	2021-05-15T14:31:50:267
-14,910000	2,240000	16,870001	2021-05-15T14:31:50:292
-11,200000	1,890000	13,720000	2021-05-15T14:31:50:306
-8,050000	1,120000	9,660000	2021-05-15T14:31:50:329
-6,090000	-0,140000	5,670000	2021-05-15T14:31:50:347
-5,040000	-1,190000	3,850000	2021-05-15T14:31:50:369
-2,520000	-0,420000	3,430000	2021-05-15T14:31:50:393
-4,480000	-0,840000	3,710000	2021-05-15T14:31:50:410
-5,110000	-2,450000	4,130000	2021-05-15T14:31:50:426
-2,240000	-1,680000	5,040000	2021-05-15T14:31:50:450
-2,030000	-1,190000	5,320000	2021-05-15T14:31:50:466
-2,170000	-0,840000	4,830000	2021-05-15T14:31:50:495
-4,130000	-0,630000	4,340000	2021-05-15T14:31:51:334
-6,020000	-1,190000	4,690000	2021-05-15T14:31:51:337
-6,440000	-1,540000	5,180000	2021-05-15T14:31:51:340
-7,980000	-2,800000	5,880000	2021-05-15T14:31:51:343
-9,940000	-3,850000	6,160000	2021-05-15T14:31:51:348
-10,780000	-3,080000	6,930000	2021-05-15T14:31:51:349
-10,640000	-1,680000	7,000000	2021-05-15T14:31:51:357
-9,870000	0,630000	6,090000	2021-05-15T14:31:51:359
-10,850000	2,030000	4,830000	2021-05-15T14:31:51:361
-13,440001	3,640000	5,250000	2021-05-15T14:31:51:362
-19,389999	2,170000	4,900000	2021-05-15T14:31:51:364
-20,930000	-0,490000	5,530000	2021-05-15T14:31:51:365
-20,719999	-1,750000	6,090000	2021-05-15T14:31:51:368
-20,580000	-2,800000	6,930000	2021-05-15T14:31:51:370
-18,200001	-2,590000	6,580000	2021-05-15T14:31:51:372
-15,050000	-1,330000	6,160000	2021-05-15T14:31:51:373
-11,690000	0,560000	5,810000	2021-05-15T14:31:51:375
-10,570000	2,380000	5,110000	2021-05-15T14:31:51:376
-10,360000	3,010000	4,480000	2021-05-15T14:31:51:378
-8,680000	4,550000	3,640000	2021-05-15T14:31:51:379
-7,140000	5,950000	3,920000	2021-05-15T14:31:51:380
-5,670000	6,160000	4,270000	2021-05-15T14:31:51:381
-5,530000	5,040000	3,920000	2021-05-15T14:31:51:384
-4,690000	2,590000	4,550000	2021-05-15T14:31:51:385
-2,520000	0,770000	4,550000	2021-05-15T14:31:51:387
0,630000	-0,210000	4,480000	2021-05-15T14:31:51:388
3,290000	-0,280000	4,410000	2021-05-15T14:31:51:390
3,010000	-0,280000	4,620000	2021-05-15T14:31:51:391
1,190000	0,070000	5,180000	2021-05-15T14:31:51:392
-1,680000	0,420000	5,040000	2021-05-15T14:31:51:393
-3,010000	0,280000	4,830000	2021-05-15T14:31:51:395
-3,290000	0,490000	4,200000	2021-05-15T14:31:51:396
-4,060000	1,610000	3,220000	2021-05-15T14:31:51:397
-4,480000	3,010000	2,590000	2021-05-15T14:31:51:398
-4,410000	3,710000	2,100000	2021-05-15T14:31:51:401
-3,290000	4,270000	1,960000	2021-05-15T14:31:51:402
-2,590000	3,710000	2,030000	2021-05-15T14:31:51:404
-6,790000	2,660000	2,800000	2021-05-15T14:31:51:405
-8,680000	-0,490000	3,710000	2021-05-15T14:31:51:410
-5,600000	-2,450000	4,410000	2021-05-15T14:31:51:412
-1,820000	-4,270000	3,920000	2021-05-15T14:31:51:414
-0,280000	-5,740000	3,430000	2021-05-15T14:31:51:415
0,700000	-5,880000	2,940000	2021-05-15T14:31:51:418
0,700000	-5,320000	2,450000	2021-05-15T14:31:51:420
-2,450000	-4,760000	2,800000	2021-05-15T14:31:51:422
-5,110000	-3,990000	3,850000	2021-05-15T14:31:51:423
-6,720000	-2,730000	4,480000	2021-05-15T14:31:51:426
-7,210000	-1,400000	4,760000	2021-05-15T14:31:51:452
-8,190000	-0,210000	4,480000	2021-05-15T14:31:51:465
-10,080000	0,840000	3,780000	2021-05-15T14:31:51:499
-10,780000	1,050000	3,640000	2021-05-15T14:31:51:506
-10,360000	0,700000	3,990000	2021-05-15T14:31:51:531
-8,890000	0,630000	4,480000	2021-05-15T14:31:51:546
-11,480000	-0,280000	4,550000	2021-05-15T14:31:51:570
-19,180000	-2,520000	4,340000	2021-05-15T14:31:51:610
-18,969999	-3,640000	4,760000	2021-05-15T14:31:51:613
-13,790000	-3,850000	4,270000	2021-05-15T14:31:51:632
-7,490000	-3,710000	2,870000	2021-05-15T14:31:51:652
-2,520000	-3,010000	1,470000	2021-05-15T14:31:51:666
-1,540000	-2,380000	0,350000	2021-05-15T14:31:51:692
-2,240000	-2,170000	0,210000	2021-05-15T14:31:51:707
-2,520000	-1,960000	0,490000	2021-05-15T14:31:51:730
-2,520000	-1,540000	1,050000	2021-05-15T14:31:51:746
-2,870000	-1,750000	2,030000	2021-05-15T14:31:51:772
-3,920000	-2,170000	1,190000	2021-05-15T14:31:51:788
-3,850000	-1,750000	0,490000	2021-05-15T14:31:51:811
-3,360000	-1,540000	0,420000	2021-05-15T14:31:51:827
-2,870000	-0,210000	-0,420000	2021-05-15T14:31:51:851
-1,820000	0,700000	-1,050000	2021-05-15T14:31:51:867
0,140000	1,400000	-0,560000	2021-05-15T14:31:51:893
1,120000	1,120000	0,140000	2021-05-15T14:31:51:907
1,680000	0,630000	0,700000	2021-05-15T14:31:51:931
1,540000	0,490000	0,630000	2021-05-15T14:31:51:947
1,050000	0,630000	0,420000	2021-05-15T14:31:51:970
1,120000	0,350000	0,420000	2021-05-15T14:31:51:992
1,050000	0,490000	-0,490000	2021-05-15T14:31:52:13
1,680000	0,770000	-0,210000	2021-05-15T14:31:52:27
2,660000	1,330000	0,210000	2021-05-15T14:31:52:50
2,240000	1,330000	1,190000	2021-05-15T14:31:52:67
0,630000	1,120000	1,820000	2021-05-15T14:31:52:92
-1,680000	0,070000	2,100000	2021-05-15T14:31:52:108
-2,240000	-0,840000	2,100000	2021-05-15T14:31:52:132
-2,100000	-0,910000	1,960000	2021-05-15T14:31:52:148
-1,890000	-0,490000	1,260000	2021-05-15T14:31:52:172
-1,750000	0,070000	0,840000	2021-05-15T14:31:52:188
-1,680000	1,120000	0,910000	2021-05-15T14:31:52:211
-2,170000	1,540000	0,910000	2021-05-15T14:31:52:228
-2,310000	1,050000	1,120000	2021-05-15T14:31:52:252
-1,050000	0,560000	1,120000	2021-05-15T14:31:52:268
0,420000	0,420000	0,700000	2021-05-15T14:31:52:291
1,400000	-0,070000	0,700000	2021-05-15T14:31:52:308
2,170000	-0,140000	-0,700000	2021-05-15T14:31:52:332
3,010000	-0,280000	-0,840000	2021-05-15T14:31:52:348
2,590000	-0,420000	-0,980000	2021-05-15T14:31:52:372
1,190000	-1,120000	-0,490000	2021-05-15T14:31:52:388
0,280000	-1,820000	0,140000	2021-05-15T14:31:52:412
-1,260000	-2,940000	1,120000	2021-05-15T14:31:52:428
-2,590000	-3,640000	1,890000	2021-05-15T14:31:52:451
-3,150000	-3,640000	1,820000	2021-05-15T14:31:52:468
-3,640000	-3,570000	1,750000	2021-05-15T14:31:52:491
-3,920000	-2,800000	1,470000	2021-05-15T14:31:52:508
-4,620000	-1,960000	1,120000	2021-05-15T14:31:52:531
-5,040000	-1,540000	1,050000	2021-05-15T14:31:52:550
-5,320000	-1,190000	0,840000	2021-05-15T14:31:52:573
-6,510000	-1,330000	1,050000	2021-05-15T14:31:52:588
-6,300000	-1,190000	1,260000	2021-05-15T14:31:52:612
-4,130000	-1,750000	1,120000	2021-05-15T14:31:52:628
-1,610000	-2,520000	0,840000	2021-05-15T14:31:52:652
-1,120000	-2,800000	0,700000	2021-05-15T14:31:52:669
-0,560000	-2,590000	0,210000	2021-05-15T14:31:52:692
0,140000	-2,450000	-0,350000	2021-05-15T14:31:52:708
-0,350000	-2,170000	-0,490000	2021-05-15T14:31:52:732
-1,260000	-1,960000	-0,280000	2021-05-15T14:31:52:748
-1,610000	-1,890000	-0,140000	2021-05-15T14:31:52:772
-1,680000	-1,750000	-0,140000	2021-05-15T14:31:52:790
-1,960000	-1,540000	-0,420000	2021-05-15T14:31:52:812
-2,380000	-1,610000	-0,140000	2021-05-15T14:31:52:828
-3,010000	-1,820000	0,070000	2021-05-15T14:31:52:852
-3,710000	-1,750000	0,210000	2021-05-15T14:31:52:868
-3,500000	-1,610000	0,350000	2021-05-15T14:31:52:892
-2,870000	-1,330000	0,700000	2021-05-15T14:31:52:909
-3,570000	-1,260000	0,840000	2021-05-15T14:31:52:932
-4,690000	-1,260000	0,910000	2021-05-15T14:31:52:948
-4,060000	-1,190000	0,840000	2021-05-15T14:31:52:972
-3,010000	-1,120000	0,840000	2021-05-15T14:31:53:2
-2,870000	-1,540000	0,560000	2021-05-15T14:31:53:15
-2,170000	-2,380000	0,630000	2021-05-15T14:31:53:28
-1,400000	-2,520000	0,980000	2021-05-15T14:31:53:52
-1,050000	-3,150000	1,330000	2021-05-15T14:31:53:69
-1,400000	-4,130000	1,540000	2021-05-15T14:31:53:92
-1,750000	-4,270000	1,610000	2021-05-15T14:31:53:109
-2,520000	-4,340000	1,890000	2021-05-15T14:31:53:144
-3,150000	-4,200000	1,890000	2021-05-15T14:31:53:148
-4,550000	-4,130000	2,240000	2021-05-15T14:31:53:172
-5,880000	-3,570000	2,170000	2021-05-15T14:31:53:189
-6,020000	-3,710000	2,240000	2021-05-15T14:31:53:213
-5,670000	-3,990000	2,170000	2021-05-15T14:31:53:229
-6,370000	-4,060000	2,030000	2021-05-15T14:31:53:251
-6,300000	-3,990000	1,890000	2021-05-15T14:31:53:269
-5,950000	-4,060000	1,610000	2021-05-15T14:31:53:302
-5,250000	-3,430000	1,470000	2021-05-15T14:31:53:313
-3,780000	-3,010000	1,680000	2021-05-15T14:31:53:332
-2,730000	-3,150000	1,540000	2021-05-15T14:31:53:349
-2,520000	-4,200000	1,890000	2021-05-15T14:31:53:373
-2,310000	-4,550000	1,610000	2021-05-15T14:31:53:389
-2,170000	-4,340000	1,190000	2021-05-15T14:31:53:412
-2,520000	-3,920000	0,840000	2021-05-15T14:31:53:429
-2,660000	-3,080000	0,560000	2021-05-15T14:31:53:453
-1,540000	-1,890000	0,280000	2021-05-15T14:31:53:469
-0,980000	-1,190000	-0,350000	2021-05-15T14:31:53:492
-0,420000	-0,980000	-0,770000	2021-05-15T14:31:53:509
-0,420000	-1,050000	-0,490000	2021-05-15T14:31:53:533
-0,490000	-1,610000	-0,560000	2021-05-15T14:31:53:549
-1,050000	-1,890000	-0,770000	2021-05-15T14:31:53:572
-0,560000	-1,400000	-1,330000	2021-05-15T14:31:53:589
0,490000	-0,910000	-1,540000	2021-05-15T14:31:53:613
0,700000	0,350000	-2,030000	2021-05-15T14:31:53:629
1,050000	0,770000	-1,890000	2021-05-15T14:31:53:652
0,560000	1,050000	-1,750000	2021-05-15T14:31:53:669
-0,070000	0,560000	-1,190000	2021-05-15T14:31:53:694
0,210000	0,140000	-0,980000	2021-05-15T14:31:53:709
-0,420000	-0,140000	-0,840000	2021-05-15T14:31:53:733
-0,560000	-0,280000	-0,770000	2021-05-15T14:31:53:749
-0,490000	-0,280000	-0,490000	2021-05-15T14:31:53:773
-0,490000	0,070000	-0,420000	2021-05-15T14:31:53:790
-0,210000	0,140000	-0,630000	2021-05-15T14:31:53:812
-0,350000	0,140000	-0,840000	2021-05-15T14:31:53:829
-0,420000	0,210000	-0,910000	2021-05-15T14:31:53:853
-0,910000	0,280000	-1,120000	2021-05-15T14:31:53:869
-0,840000	0,070000	-0,560000	2021-05-15T14:31:53:893
-0,770000	0,280000	-0,840000	2021-05-15T14:31:53:909
-0,210000	0,560000	-0,770000	2021-05-15T14:31:53:933
0,840000	0,560000	-0,910000	2021-05-15T14:31:53:949
0,630000	0,350000	-1,540000	2021-05-15T14:31:53:972
1,540000	0,630000	-1,610000	2021-05-15T14:31:53:990
1,820000	0,280000	-1,540000	2021-05-15T14:31:54:14
1,400000	0,350000	-1,330000	2021-05-15T14:31:54:29
1,190000	0,910000	-1,190000	2021-05-15T14:31:54:52
0,980000	1,050000	-0,980000	2021-05-15T14:31:54:69
1,190000	1,190000	-0,700000	2021-05-15T14:31:54:94
2,100000	1,190000	-0,700000	2021-05-15T14:31:54:110
3,150000	0,840000	-0,420000	2021-05-15T14:31:54:132
2,660000	0,770000	-0,140000	2021-05-15T14:31:54:149
1,540000	0,350000	-0,490000	2021-05-15T14:31:54:179
1,750000	-0,070000	-0,700000	2021-05-15T14:31:54:190
1,050000	-0,280000	-0,560000	2021-05-15T14:31:54:216
0,280000	-0,630000	-0,070000	2021-05-15T14:31:54:230
-0,700000	-0,490000	0,140000	2021-05-15T14:31:54:253
-1,120000	-0,140000	0,350000	2021-05-15T14:31:54:270
-1,190000	-0,140000	0,490000	2021-05-15T14:31:54:293
-1,400000	-0,210000	0,630000	2021-05-15T14:31:54:310
-0,700000	-0,630000	0,280000	2021-05-15T14:31:54:332
-0,490000	-0,560000	-0,140000	2021-05-15T14:31:54:350
-1,610000	-0,350000	-0,420000	2021-05-15T14:31:54:372
-1,960000	-0,210000	-0,490000	2021-05-15T14:31:54:390
-1,610000	0,490000	-0,910000	2021-05-15T14:31:54:414
0,210000	1,260000	-0,840000	2021-05-15T14:31:54:430
2,100000	1,400000	-1,050000	2021-05-15T14:31:54:453
2,800000	0,700000	-0,980000	2021-05-15T14:31:54:470
2,800000	-0,980000	-0,490000	2021-05-15T14:31:54:494
1,890000	-1,960000	-0,210000	2021-05-15T14:31:54:510
0,910000	-2,870000	-0,070000	2021-05-15T14:31:54:533
-0,070000	-2,660000	-0,070000	2021-05-15T14:31:54:550
-1,120000	-2,100000	0,630000	2021-05-15T14:31:54:574
-1,610000	-2,030000	0,910000	2021-05-15T14:31:54:590
-2,030000	-2,310000	1,330000	2021-05-15T14:31:54:613
-3,220000	-2,170000	1,260000	2021-05-15T14:31:54:630
-4,620000	-2,590000	1,470000	2021-05-15T14:31:54:654
-4,550000	-2,730000	1,610000	2021-05-15T14:31:54:670
-4,340000	-2,870000	1,960000	2021-05-15T14:31:54:694
-5,040000	-3,080000	1,820000	2021-05-15T14:31:54:710
-6,930000	-2,940000	1,190000	2021-05-15T14:31:54:734
-6,230000	-2,800000	1,190000	2021-05-15T14:31:54:750
-4,480000	-3,500000	1,400000	2021-05-15T14:31:54:774
-4,270000	-3,780000	1,680000	2021-05-15T14:31:54:792
-4,550000	-4,200000	2,310000	2021-05-15T14:31:54:814
-3,920000	-4,270000	1,610000	2021-05-15T14:31:54:830
-3,500000	-4,130000	0,840000	2021-05-15T14:31:54:853
-2,240000	-4,480000	1,260000	2021-05-15T14:31:54:870
-0,910000	-4,480000	0,840000	2021-05-15T14:31:54:894
-0,630000	-4,690000	0,490000	2021-05-15T14:31:54:910
2,100000	-4,480000	-0,490000	2021-05-15T14:31:54:933
6,440000	-4,410000	-1,330000	2021-05-15T14:31:54:950
11,620000	-5,740000	-2,590000	2021-05-15T14:31:54:974
19,809999	-7,210000	-4,550000	2021-05-15T14:31:54:990
29,960001	-8,050000	-6,580000	2021-05-15T14:31:55:14
34,930000	-8,470000	-7,280000	2021-05-15T14:31:55:30
39,689999	-7,840000	-9,170000	2021-05-15T14:31:55:54
42,000000	-8,330000	-10,570000	2021-05-15T14:31:55:70
47,110001	-9,030000	-12,040000	2021-05-15T14:31:55:94
52,849998	-9,520000	-16,870001	2021-05-15T14:31:55:111
62,720001	-12,810000	-20,440001	2021-05-15T14:31:55:134
76,090004	-17,639999	-25,830000	2021-05-15T14:31:55:152
95,830002	-19,600000	-29,260000	2021-05-15T14:31:55:174
109,830002	-23,730000	-34,369999	2021-05-15T14:31:55:191
117,599998	-29,750000	-42,700001	2021-05-15T14:31:55:214
121,309998	-34,509998	-46,900002	2021-05-15T14:31:55:230
113,260002	-38,779999	-52,009998	2021-05-15T14:31:55:253
108,849998	-42,700001	-56,840000	2021-05-15T14:31:55:271
111,860001	-47,110001	-62,230000	2021-05-15T14:31:55:296
119,000000	-49,139999	-63,279999	2021-05-15T14:31:55:311
125,930000	-51,240002	-63,000000	2021-05-15T14:31:55:334
128,029999	-52,290001	-62,650002	2021-05-15T14:31:55:350
120,820000	-53,689999	-60,830002	2021-05-15T14:31:55:374
102,690002	-55,439999	-58,170002	2021-05-15T14:31:55:391
90,930000	-57,189999	-51,660000	2021-05-15T14:31:55:414
83,160004	-56,420002	-46,130001	2021-05-15T14:31:55:431
70,980003	-56,910000	-40,599998	2021-05-15T14:31:55:454
62,930000	-55,650002	-30,940001	2021-05-15T14:31:55:470
52,009998	-52,360001	-25,410000	2021-05-15T14:31:55:494
40,670002	-50,049999	-21,139999	2021-05-15T14:31:55:511
36,680000	-48,509998	-17,850000	2021-05-15T14:31:55:536
34,720001	-45,360001	-12,530000	2021-05-15T14:31:55:551
26,389999	-40,250000	-9,660000	2021-05-15T14:31:55:574
17,500000	-33,880001	-3,990000	2021-05-15T14:31:55:592
8,330000	-33,320000	1,260000	2021-05-15T14:31:55:615
-0,840000	-34,790001	7,910000	2021-05-15T14:31:55:631
-9,380000	-29,400000	15,120000	2021-05-15T14:31:55:654
-20,230000	-22,540001	27,510000	2021-05-15T14:31:55:671
-29,750000	-41,509998	32,200001	2021-05-15T14:31:55:696
-23,799999	-37,240002	21,350000	2021-05-15T14:31:55:712
-8,750000	-30,240000	7,210000	2021-05-15T14:31:55:734
-9,870000	-25,340000	-1,680000	2021-05-15T14:31:55:751
7,140000	-28,139999	-7,840000	2021-05-15T14:31:55:775
0,280000	-37,380001	-36,049999	2021-05-15T14:31:55:793
-13,930000	-38,500000	-42,490002	2021-05-15T14:31:55:877
18,549999	-11,900000	-66,010002	2021-05-15T14:31:55:895
16,309999	-20,719999	-36,959999	2021-05-15T14:31:55:902
16,799999	-17,780001	-42,279999	2021-05-15T14:31:55:910
8,960000	-16,799999	-13,580000	2021-05-15T14:31:55:940
3,570000	-15,400000	24,500000	2021-05-15T14:31:55:957
-5,530000	-3,570000	41,860001	2021-05-15T14:31:56:1
-14,700000	-5,390000	43,259998	2021-05-15T14:31:56:3
-23,450001	9,310000	22,330000	2021-05-15T14:31:56:9
-39,900002	23,660000	2,030000	2021-05-15T14:31:56:21
-32,130001	-3,290000	-3,500000	2021-05-15T14:31:56:24
-12,180000	-5,320000	2,100000	2021-05-15T14:31:56:30
5,950000	-2,310000	2,520000	2021-05-15T14:31:56:52
4,270000	-4,130000	2,450000	2021-05-15T14:31:56:70
3,500000	-6,160000	1,470000	2021-05-15T14:31:56:95
7,070000	-3,990000	-1,120000	2021-05-15T14:31:56:109
4,690000	-2,170000	-2,100000	2021-05-15T14:31:56:132
-0,280000	-0,140000	-1,890000	2021-05-15T14:31:56:149
35,490002	-5,040000	27,299999	2021-05-15T14:31:56:174
4,970000	2,940000	-2,730000	2021-05-15T14:31:56:190
9,450000	1,120000	-17,570000	2021-05-15T14:31:56:215
-8,680000	-0,420000	-33,459999	2021-05-15T14:31:56:232
-20,719999	-4,480000	-37,730000	2021-05-15T14:31:56:254
-16,030001	-5,740000	-21,280001	2021-05-15T14:31:56:284
-9,660000	-4,340000	-10,360000	2021-05-15T14:31:56:296
-2,240000	1,190000	-11,060000	2021-05-15T14:31:56:312
5,110000	4,620000	-5,530000	2021-05-15T14:31:56:345
0,630000	5,250000	-1,330000	2021-05-15T14:31:56:353
-7,560000	7,000000	11,900000	2021-05-15T14:31:56:373
-0,490000	7,000000	-9,170000	2021-05-15T14:31:56:392
-0,490000	2,730000	10,640000	2021-05-15T14:31:56:414
-1,190000	9,310000	12,250000	2021-05-15T14:31:56:430
-1,820000	10,850000	14,350000	2021-05-15T14:31:56:454
4,200000	9,030000	20,719999	2021-05-15T14:31:56:472
10,010000	8,890000	24,639999	2021-05-15T14:31:56:495
7,980000	4,760000	11,200000	2021-05-15T14:31:56:511
-1,960000	4,130000	8,680000	2021-05-15T14:31:56:534
-10,220000	5,110000	-1,330000	2021-05-15T14:31:56:550
-12,810000	0,560000	-0,210000	2021-05-15T14:31:56:574
1,330000	4,550000	-4,690000	2021-05-15T14:31:56:594
13,580000	5,950000	-6,650000	2021-05-15T14:31:56:613
12,530000	8,750000	-10,990000	2021-05-15T14:31:56:630
19,040001	2,450000	-3,990000	2021-05-15T14:31:56:654
12,250000	4,760000	-8,890000	2021-05-15T14:31:56:670
7,350000	0,630000	-22,190001	2021-05-15T14:31:56:694
4,410000	-1,610000	-21,210001	2021-05-15T14:31:56:710
-2,590000	-4,410000	-10,570000	2021-05-15T14:31:56:735
-6,230000	-5,460000	-9,030000	2021-05-15T14:31:56:751
-9,660000	-4,760000	-8,540000	2021-05-15T14:31:56:776
-9,870000	-4,830000	-0,210000	2021-05-15T14:31:56:791
-5,040000	-1,960000	16,520000	2021-05-15T14:31:56:815
-3,290000	-2,940000	4,690000	2021-05-15T14:31:56:832
0,910000	-0,140000	1,400000	2021-05-15T14:31:56:855
-0,420000	-1,470000	-2,030000	2021-05-15T14:31:56:872
-8,820000	-5,600000	-2,030000	2021-05-15T14:31:56:897
-9,170000	-5,810000	-6,160000	2021-05-15T14:31:56:913
-4,270000	-5,040000	-2,520000	2021-05-15T14:31:56:936
-1,470000	-5,110000	3,430000	2021-05-15T14:31:56:950
1,960000	-3,150000	10,570000	2021-05-15T14:31:56:974
8,330000	-0,280000	12,040000	2021-05-15T14:31:56:991
3,570000	3,150000	18,830000	2021-05-15T14:31:57:13
-3,150000	3,290000	20,790001	2021-05-15T14:31:57:30
-2,940000	-0,700000	10,500000	2021-05-15T14:31:57:54
2,870000	-3,990000	7,210000	2021-05-15T14:31:57:71
2,590000	-6,510000	3,570000	2021-05-15T14:31:57:95
-1,190000	-7,980000	3,010000	2021-05-15T14:31:57:111
-1,960000	-8,050000	1,750000	2021-05-15T14:31:57:134
-1,470000	-8,260000	2,520000	2021-05-15T14:31:57:150
0,070000	-9,240000	1,890000	2021-05-15T14:31:57:173
5,880000	-8,400000	5,110000	2021-05-15T14:31:57:191
6,370000	-5,390000	5,460000	2021-05-15T14:31:57:213
0,910000	-3,920000	2,940000	2021-05-15T14:31:57:232
-1,820000	-3,850000	2,660000	2021-05-15T14:31:57:253
-2,870000	-3,430000	3,570000	2021-05-15T14:31:57:271
-5,600000	-4,130000	1,750000	2021-05-15T14:31:57:295
-0,700000	-4,410000	0,840000	2021-05-15T14:31:57:311
3,710000	-2,240000	2,450000	2021-05-15T14:31:57:334
-0,280000	-2,940000	0,140000	2021-05-15T14:31:57:350
-8,260000	-4,270000	-0,980000	2021-05-15T14:31:57:374
-6,720000	-5,320000	-2,170000	2021-05-15T14:31:57:393
1,400000	-5,950000	-3,080000	2021-05-15T14:31:57:416
7,560000	-5,740000	-2,590000	2021-05-15T14:31:57:433
7,630000	-2,660000	-2,590000	2021-05-15T14:31:57:455
-3,920000	-6,090000	3,570000	2021-05-15T14:31:57:473
-1,470000	7,140000	-4,130000	2021-05-15T14:31:57:499
0,770000	0,420000	0,910000	2021-05-15T14:31:57:514
1,470000	-7,630000	7,210000	2021-05-15T14:31:57:536
0,770000	-5,600000	-1,050000	2021-05-15T14:31:57:550
5,390000	-3,920000	-0,280000	2021-05-15T14:31:57:575
0,840000	-4,060000	0,280000	2021-05-15T14:31:57:593
-3,570000	-2,030000	3,780000	2021-05-15T14:31:57:617
-0,420000	-1,960000	5,110000	2021-05-15T14:31:57:632
-0,140000	-2,940000	7,980000	2021-05-15T14:31:57:654
-2,730000	-5,250000	6,160000	2021-05-15T14:31:57:673
4,480000	-7,490000	2,100000	2021-05-15T14:31:57:699
7,770000	-9,590000	-0,070000	2021-05-15T14:31:57:716
3,850000	-13,020000	-2,450000	2021-05-15T14:31:57:737
-1,750000	-14,910000	-3,850000	2021-05-15T14:31:57:751
-3,010000	-17,219999	-5,250000	2021-05-15T14:31:57:776
1,050000	-16,799999	-6,090000	2021-05-15T14:31:57:793
2,310000	-16,379999	-4,970000	2021-05-15T14:31:57:815
6,720000	-17,430000	-4,060000	2021-05-15T14:31:57:834
12,600000	-19,879999	-3,920000	2021-05-15T14:31:57:855
9,380000	-25,620001	-6,440000	2021-05-15T14:31:57:871
2,590000	-33,389999	-7,700000	2021-05-15T14:31:57:896
1,610000	-39,200001	-8,120000	2021-05-15T14:31:57:912
-21,210001	-48,790001	-17,290001	2021-05-15T14:31:57:934
-29,400000	-58,520000	-17,920000	2021-05-15T14:31:57:952
-24,990000	-65,449997	-48,860001	2021-05-15T14:31:57:974
-27,090000	-58,660000	-41,720001	2021-05-15T14:31:57:991
-30,520000	-51,310001	-38,220001	2021-05-15T14:31:58:18
-27,370001	-50,820000	-29,400000	2021-05-15T14:31:58:34
-0,490000	-51,099998	-36,610001	2021-05-15T14:31:58:54
31,430000	-44,240002	-34,439999	2021-05-15T14:31:58:71
44,939999	-39,900002	-27,860001	2021-05-15T14:31:58:97
42,209999	-36,400002	-13,650000	2021-05-15T14:31:58:116
34,580002	-29,960001	-3,990000	2021-05-15T14:31:58:134
32,900002	-27,719999	-15,400000	2021-05-15T14:31:58:151
33,529999	-25,200001	-17,219999	2021-05-15T14:31:58:175
35,840000	-22,610001	-15,750000	2021-05-15T14:31:58:194
24,219999	-19,879999	-10,500000	2021-05-15T14:31:58:217
16,379999	-19,530001	-8,820000	2021-05-15T14:31:58:234
11,970000	-17,080000	-9,870000	2021-05-15T14:31:58:257
16,030001	-16,309999	-10,920000	2021-05-15T14:31:58:275
22,960001	-11,410000	-13,440001	2021-05-15T14:31:58:297
29,120001	-7,910000	-12,530000	2021-05-15T14:31:58:314
31,570000	-3,850000	-9,450000	2021-05-15T14:31:58:338
16,870001	-0,700000	-7,000000	2021-05-15T14:31:58:353
8,960000	0,350000	-6,440000	2021-05-15T14:31:58:377
15,680000	-1,120000	-5,530000	2021-05-15T14:31:58:394
16,379999	-3,780000	-5,460000	2021-05-15T14:31:58:419
13,230000	-5,040000	-4,760000	2021-05-15T14:31:58:434
10,780000	-2,940000	-2,870000	2021-05-15T14:31:58:456
-5,250000	-3,010000	1,400000	2021-05-15T14:31:58:474
-6,650000	-0,280000	-2,870000	2021-05-15T14:31:58:500
-2,380000	2,450000	-9,520000	2021-05-15T14:31:58:514
-2,100000	1,960000	-10,920000	2021-05-15T14:31:58:537
-0,350000	1,960000	-10,850000	2021-05-15T14:31:58:554
15,890000	-0,630000	-8,050000	2021-05-15T14:31:58:577
-8,400000	5,670000	3,920000	2021-05-15T14:31:58:603
-12,180000	4,760000	2,030000	2021-05-15T14:31:58:615
-2,030000	2,660000	2,380000	2021-05-15T14:31:58:632
-7,770000	2,100000	4,480000	2021-05-15T14:31:58:657
-22,820000	0,770000	3,990000	2021-05-15T14:31:58:673
-6,510000	3,500000	3,220000	2021-05-15T14:31:58:697
5,810000	4,410000	-2,520000	2021-05-15T14:31:58:713
2,450000	1,960000	-0,840000	2021-05-15T14:31:58:737
-3,990000	0,490000	0,070000	2021-05-15T14:31:58:752
-5,600000	0,350000	1,610000	2021-05-15T14:31:58:775
-12,180000	0,700000	3,360000	2021-05-15T14:31:58:794
-8,820000	1,750000	-1,260000	2021-05-15T14:31:58:816
-2,100000	0,280000	-2,870000	2021-05-15T14:31:58:832
-0,910000	0,070000	-3,640000	2021-05-15T14:31:58:856
-1,470000	0,140000	-2,730000	2021-05-15T14:31:58:873
-2,940000	1,820000	-0,350000	2021-05-15T14:31:58:897
-5,320000	3,430000	-0,280000	2021-05-15T14:31:58:913
-5,110000	4,130000	-0,140000	2021-05-15T14:31:58:936
-1,470000	4,270000	1,190000	2021-05-15T14:31:58:957
-0,980000	3,220000	0,280000	2021-05-15T14:31:58:977
0,280000	3,570000	0,700000	2021-05-15T14:31:58:992
-2,310000	1,680000	1,260000	2021-05-15T14:31:59:17
-2,310000	1,400000	3,570000	2021-05-15T14:31:59:34
-3,150000	0,910000	1,540000	2021-05-15T14:31:59:60
-0,210000	-0,350000	0,280000	2021-05-15T14:31:59:77
-0,630000	-2,100000	0,980000	2021-05-15T14:31:59:99
-5,040000	-1,820000	1,680000	2021-05-15T14:31:59:125
-4,130000	-0,980000	1,610000	2021-05-15T14:31:59:140
-3,570000	-0,840000	1,750000	2021-05-15T14:31:59:155
-3,360000	-0,140000	0,140000	2021-05-15T14:31:59:178
-2,310000	-0,140000	-0,560000	2021-05-15T14:31:59:195
0,140000	0,840000	-1,260000	2021-05-15T14:31:59:219
-1,540000	1,890000	-1,120000	2021-05-15T14:31:59:235
-7,700000	1,820000	-0,770000	2021-05-15T14:31:59:257
-8,260000	2,590000	-2,100000	2021-05-15T14:31:59:275
-5,530000	3,570000	0,140000	2021-05-15T14:31:59:299
3,710000	5,950000	0,350000	2021-05-15T14:31:59:315
8,400000	7,490000	3,290000	2021-05-15T14:31:59:340
-6,020000	4,900000	4,970000	2021-05-15T14:31:59:356
-13,090000	3,920000	6,650000	2021-05-15T14:31:59:379
-18,410000	3,500000	4,970000	2021-05-15T14:31:59:395
-18,830000	1,750000	2,870000	2021-05-15T14:31:59:418
-4,060000	21,629999	-2,520000	2021-05-15T14:31:59:435
-2,870000	-0,560000	-0,840000	2021-05-15T14:31:59:457
-12,110000	-1,260000	-6,160000	2021-05-15T14:31:59:475
-5,180000	-5,390000	1,400000	2021-05-15T14:31:59:497
-0,630000	-7,000000	-0,980000	2021-05-15T14:31:59:514
6,440000	-1,330000	0,840000	2021-05-15T14:31:59:548
-10,290000	-0,420000	3,500000	2021-05-15T14:31:59:553
-4,340000	1,050000	4,130000	2021-05-15T14:31:59:576
3,430000	2,030000	2,800000	2021-05-15T14:31:59:595
