light_intensity	ts
1380474,000000	2021-05-15T14:31:31:996
1385404,000000	2021-05-15T14:31:32:32
1387453,000000	2021-05-15T14:31:32:70
1388200,000000	2021-05-15T14:31:32:112
1388849,000000	2021-05-15T14:31:32:152
1382006,000000	2021-05-15T14:31:32:192
1375089,000000	2021-05-15T14:31:32:232
1373690,000000	2021-05-15T14:31:32:269
1378009,000000	2021-05-15T14:31:32:312
1384455,000000	2021-05-15T14:31:32:352
1389364,000000	2021-05-15T14:31:32:392
1391694,000000	2021-05-15T14:31:32:431
1391860,000000	2021-05-15T14:31:32:471
1391860,000000	2021-05-15T14:31:32:511
1383743,000000	2021-05-15T14:31:32:553
1377305,000000	2021-05-15T14:31:32:596
1376603,000000	2021-05-15T14:31:32:632
1387187,000000	2021-05-15T14:31:32:671
1390031,000000	2021-05-15T14:31:32:713
1392267,000000	2021-05-15T14:31:32:753
1390845,000000	2021-05-15T14:31:32:794
1388950,000000	2021-05-15T14:31:32:832
1381763,000000	2021-05-15T14:31:32:873
1376025,000000	2021-05-15T14:31:32:913
1377779,000000	2021-05-15T14:31:32:953
1382830,000000	2021-05-15T14:31:32:994
1387182,000000	2021-05-15T14:31:33:33
1389861,000000	2021-05-15T14:31:33:73
1391106,000000	2021-05-15T14:31:33:113
1390410,000000	2021-05-15T14:31:33:153
1386503,000000	2021-05-15T14:31:33:193
1377282,000000	2021-05-15T14:31:33:232
1373551,000000	2021-05-15T14:31:33:273
1373984,000000	2021-05-15T14:31:33:312
1379221,000000	2021-05-15T14:31:33:353
1383094,000000	2021-05-15T14:31:33:393
1384169,000000	2021-05-15T14:31:33:433
1383596,000000	2021-05-15T14:31:33:472
1381968,000000	2021-05-15T14:31:33:514
1374507,000000	2021-05-15T14:31:33:552
1365465,000000	2021-05-15T14:31:33:593
1363148,000000	2021-05-15T14:31:33:632
1367855,000000	2021-05-15T14:31:33:673
1373786,000000	2021-05-15T14:31:33:713
1378217,000000	2021-05-15T14:31:33:753
1379799,000000	2021-05-15T14:31:33:792
1380278,000000	2021-05-15T14:31:33:833
1377832,000000	2021-05-15T14:31:33:873
1367736,000000	2021-05-15T14:31:33:913
1361092,000000	2021-05-15T14:31:33:952
1362247,000000	2021-05-15T14:31:33:995
1366951,000000	2021-05-15T14:31:34:33
1373118,000000	2021-05-15T14:31:34:74
1376019,000000	2021-05-15T14:31:34:113
1376571,000000	2021-05-15T14:31:34:154
1377943,000000	2021-05-15T14:31:34:193
1372817,000000	2021-05-15T14:31:34:233
1362710,000000	2021-05-15T14:31:34:273
1358185,000000	2021-05-15T14:31:34:314
1360919,000000	2021-05-15T14:31:34:353
1368062,000000	2021-05-15T14:31:34:405
1372687,000000	2021-05-15T14:31:34:433
1374911,000000	2021-05-15T14:31:34:475
1375930,000000	2021-05-15T14:31:34:513
1375570,000000	2021-05-15T14:31:34:554
1370522,000000	2021-05-15T14:31:34:593
1363485,000000	2021-05-15T14:31:34:645
1360068,000000	2021-05-15T14:31:34:674
1363711,000000	2021-05-15T14:31:34:714
1371313,000000	2021-05-15T14:31:34:754
1375835,000000	2021-05-15T14:31:34:795
1378492,000000	2021-05-15T14:31:34:834
1378679,000000	2021-05-15T14:31:34:875
1379031,000000	2021-05-15T14:31:34:914
1372107,000000	2021-05-15T14:31:34:955
1365920,000000	2021-05-15T14:31:34:994
1363421,000000	2021-05-15T14:31:35:35
1367935,000000	2021-05-15T14:31:35:75
1373217,000000	2021-05-15T14:31:35:116
1377370,000000	2021-05-15T14:31:35:155
1379230,000000	2021-05-15T14:31:35:194
1379313,000000	2021-05-15T14:31:35:233
1378627,000000	2021-05-15T14:31:35:276
1372036,000000	2021-05-15T14:31:35:315
1364197,000000	2021-05-15T14:31:35:356
1363240,000000	2021-05-15T14:31:35:395
1367284,000000	2021-05-15T14:31:35:437
1372566,000000	2021-05-15T14:31:35:475
1376481,000000	2021-05-15T14:31:35:515
1376464,000000	2021-05-15T14:31:35:555
1377331,000000	2021-05-15T14:31:35:681
1373645,000000	2021-05-15T14:31:35:690
1364450,000000	2021-05-15T14:31:35:699
1357722,000000	2021-05-15T14:31:35:716
1357048,000000	2021-05-15T14:31:35:754
1362064,000000	2021-05-15T14:31:35:796
1366328,000000	2021-05-15T14:31:35:836
1368308,000000	2021-05-15T14:31:35:876
1368795,000000	2021-05-15T14:31:35:916
1369009,000000	2021-05-15T14:31:35:956
1362703,000000	2021-05-15T14:31:35:996
1353430,000000	2021-05-15T14:31:36:35
1349638,000000	2021-05-15T14:31:36:76
1352138,000000	2021-05-15T14:31:36:115
1359754,000000	2021-05-15T14:31:36:156
1365053,000000	2021-05-15T14:31:36:195
1367415,000000	2021-05-15T14:31:36:236
1367582,000000	2021-05-15T14:31:36:277
1367710,000000	2021-05-15T14:31:36:317
1359471,000000	2021-05-15T14:31:36:356
1350009,000000	2021-05-15T14:31:36:396
1348535,000000	2021-05-15T14:31:36:436
1352923,000000	2021-05-15T14:31:36:476
1359428,000000	2021-05-15T14:31:36:519
1364078,000000	2021-05-15T14:31:36:556
1365264,000000	2021-05-15T14:31:36:597
1365362,000000	2021-05-15T14:31:36:637
1364519,000000	2021-05-15T14:31:36:676
1355075,000000	2021-05-15T14:31:36:717
1349814,000000	2021-05-15T14:31:36:756
1349645,000000	2021-05-15T14:31:36:797
1355670,000000	2021-05-15T14:31:36:836
1361958,000000	2021-05-15T14:31:36:877
1366800,000000	2021-05-15T14:31:36:916
1367405,000000	2021-05-15T14:31:36:957
1369103,000000	2021-05-15T14:31:36:997
1366242,000000	2021-05-15T14:31:37:37
1358891,000000	2021-05-15T14:31:37:77
1353997,000000	2021-05-15T14:31:37:117
1355627,000000	2021-05-15T14:31:37:157
1360715,000000	2021-05-15T14:31:37:197
1367872,000000	2021-05-15T14:31:37:236
1371172,000000	2021-05-15T14:31:37:278
1372743,000000	2021-05-15T14:31:37:316
1372296,000000	2021-05-15T14:31:37:357
1368721,000000	2021-05-15T14:31:37:396
1361650,000000	2021-05-15T14:31:37:437
1357201,000000	2021-05-15T14:31:37:477
1358145,000000	2021-05-15T14:31:37:518
1363730,000000	2021-05-15T14:31:37:557
1369694,000000	2021-05-15T14:31:37:597
1373094,000000	2021-05-15T14:31:37:637
1374730,000000	2021-05-15T14:31:37:678
1374153,000000	2021-05-15T14:31:37:717
1369945,000000	2021-05-15T14:31:37:758
1363046,000000	2021-05-15T14:31:37:797
1359135,000000	2021-05-15T14:31:37:838
1360214,000000	2021-05-15T14:31:37:877
1366853,000000	2021-05-15T14:31:37:918
1371279,000000	2021-05-15T14:31:37:957
1374527,000000	2021-05-15T14:31:37:996
1374572,000000	2021-05-15T14:31:38:37
1374425,000000	2021-05-15T14:31:38:80
1366859,000000	2021-05-15T14:31:38:118
1358126,000000	2021-05-15T14:31:38:158
1355365,000000	2021-05-15T14:31:38:197
1357160,000000	2021-05-15T14:31:38:237
1363275,000000	2021-05-15T14:31:38:278
1367516,000000	2021-05-15T14:31:38:318
1369423,000000	2021-05-15T14:31:38:358
1368775,000000	2021-05-15T14:31:38:399
1366725,000000	2021-05-15T14:31:38:437
1357711,000000	2021-05-15T14:31:38:479
1351367,000000	2021-05-15T14:31:38:517
1352658,000000	2021-05-15T14:31:38:558
1357262,000000	2021-05-15T14:31:38:597
1364436,000000	2021-05-15T14:31:38:638
1367031,000000	2021-05-15T14:31:38:678
1367364,000000	2021-05-15T14:31:38:719
1368337,000000	2021-05-15T14:31:38:758
1363392,000000	2021-05-15T14:31:38:799
1353338,000000	2021-05-15T14:31:38:838
1348339,000000	2021-05-15T14:31:38:879
1350376,000000	2021-05-15T14:31:38:918
1357415,000000	2021-05-15T14:31:38:959
1363995,000000	2021-05-15T14:31:38:998
1365974,000000	2021-05-15T14:31:39:39
1366923,000000	2021-05-15T14:31:39:79
1367870,000000	2021-05-15T14:31:39:118
1361599,000000	2021-05-15T14:31:39:159
1353931,000000	2021-05-15T14:31:39:200
1351662,000000	2021-05-15T14:31:39:238
1354398,000000	2021-05-15T14:31:39:279
1361699,000000	2021-05-15T14:31:39:319
1365972,000000	2021-05-15T14:31:39:359
1368252,000000	2021-05-15T14:31:39:399
1369403,000000	2021-05-15T14:31:39:438
1370448,000000	2021-05-15T14:31:39:479
1364179,000000	2021-05-15T14:31:39:520
1357087,000000	2021-05-15T14:31:39:559
1355294,000000	2021-05-15T14:31:39:600
1359122,000000	2021-05-15T14:31:39:639
1366122,000000	2021-05-15T14:31:39:680
1370099,000000	2021-05-15T14:31:39:719
1372167,000000	2021-05-15T14:31:39:760
1372648,000000	2021-05-15T14:31:39:799
1373478,000000	2021-05-15T14:31:39:840
1366170,000000	2021-05-15T14:31:39:880
1359624,000000	2021-05-15T14:31:39:920
1358209,000000	2021-05-15T14:31:39:959
1362555,000000	2021-05-15T14:31:40:0
1367731,000000	2021-05-15T14:31:40:39
1371811,000000	2021-05-15T14:31:40:80
1373138,000000	2021-05-15T14:31:40:120
1374216,000000	2021-05-15T14:31:40:160
1371927,000000	2021-05-15T14:31:40:199
1364534,000000	2021-05-15T14:31:40:240
1357249,000000	2021-05-15T14:31:40:280
1356015,000000	2021-05-15T14:31:40:320
1360027,000000	2021-05-15T14:31:40:360
1365525,000000	2021-05-15T14:31:40:401
1368642,000000	2021-05-15T14:31:40:440
1369201,000000	2021-05-15T14:31:40:481
1369141,000000	2021-05-15T14:31:40:520
1365334,000000	2021-05-15T14:31:40:560
1356095,000000	2021-05-15T14:31:40:600
1350694,000000	2021-05-15T14:31:40:641
1352839,000000	2021-05-15T14:31:40:680
1358963,000000	2021-05-15T14:31:40:721
1365967,000000	2021-05-15T14:31:40:761
1368254,000000	2021-05-15T14:31:40:801
1368811,000000	2021-05-15T14:31:40:840
1369089,000000	2021-05-15T14:31:40:881
1363289,000000	2021-05-15T14:31:40:920
1354058,000000	2021-05-15T14:31:40:961
1350854,000000	2021-05-15T14:31:41:3
1354473,000000	2021-05-15T14:31:41:44
1361040,000000	2021-05-15T14:31:41:81
1366227,000000	2021-05-15T14:31:41:121
1368703,000000	2021-05-15T14:31:41:160
1369640,000000	2021-05-15T14:31:41:201
1370219,000000	2021-05-15T14:31:41:245
1362908,000000	2021-05-15T14:31:41:281
1354804,000000	2021-05-15T14:31:41:320
1354662,000000	2021-05-15T14:31:41:361
1358754,000000	2021-05-15T14:31:41:401
1366136,000000	2021-05-15T14:31:41:441
1370297,000000	2021-05-15T14:31:41:481
1373127,000000	2021-05-15T14:31:41:524
1373124,000000	2021-05-15T14:31:41:561
1373436,000000	2021-05-15T14:31:41:601
1365808,000000	2021-05-15T14:31:41:641
1359234,000000	2021-05-15T14:31:41:693
1358408,000000	2021-05-15T14:31:41:721
1363343,000000	2021-05-15T14:31:41:762
1370307,000000	2021-05-15T14:31:41:801
1374511,000000	2021-05-15T14:31:41:842
1376100,000000	2021-05-15T14:31:41:881
1376961,000000	2021-05-15T14:31:41:922
1375894,000000	2021-05-15T14:31:41:961
1368747,000000	2021-05-15T14:31:42:2
1362868,000000	2021-05-15T14:31:42:41
1363486,000000	2021-05-15T14:31:42:82
1367623,000000	2021-05-15T14:31:42:121
1373285,000000	2021-05-15T14:31:42:162
1376774,000000	2021-05-15T14:31:42:201
1378134,000000	2021-05-15T14:31:42:242
1378251,000000	2021-05-15T14:31:42:282
1375598,000000	2021-05-15T14:31:42:322
1366415,000000	2021-05-15T14:31:42:361
1360576,000000	2021-05-15T14:31:42:402
1360890,000000	2021-05-15T14:31:42:441
1365922,000000	2021-05-15T14:31:42:483
1371631,000000	2021-05-15T14:31:42:521
1373885,000000	2021-05-15T14:31:42:563
1373485,000000	2021-05-15T14:31:42:602
1372914,000000	2021-05-15T14:31:42:643
1366676,000000	2021-05-15T14:31:42:682
1357108,000000	2021-05-15T14:31:42:723
1353271,000000	2021-05-15T14:31:42:762
1356842,000000	2021-05-15T14:31:42:803
1363096,000000	2021-05-15T14:31:42:842
1368724,000000	2021-05-15T14:31:42:883
1370699,000000	2021-05-15T14:31:42:922
1370777,000000	2021-05-15T14:31:42:963
1370715,000000	2021-05-15T14:31:43:2
1361818,000000	2021-05-15T14:31:43:43
1353300,000000	2021-05-15T14:31:43:83
1352886,000000	2021-05-15T14:31:43:124
1357925,000000	2021-05-15T14:31:43:163
1365306,000000	2021-05-15T14:31:43:204
1369335,000000	2021-05-15T14:31:43:242
1370447,000000	2021-05-15T14:31:43:284
1371242,000000	2021-05-15T14:31:43:323
1369886,000000	2021-05-15T14:31:43:363
1361620,000000	2021-05-15T14:31:43:403
1355531,000000	2021-05-15T14:31:43:443
1355953,000000	2021-05-15T14:31:43:483
1362217,000000	2021-05-15T14:31:43:524
1368457,000000	2021-05-15T14:31:43:563
1373314,000000	2021-05-15T14:31:43:604
1374528,000000	2021-05-15T14:31:43:642
1375524,000000	2021-05-15T14:31:43:684
1373020,000000	2021-05-15T14:31:43:723
1364566,000000	2021-05-15T14:31:43:763
1359898,000000	2021-05-15T14:31:43:803
1361530,000000	2021-05-15T14:31:43:844
1367837,000000	2021-05-15T14:31:43:882
1374054,000000	2021-05-15T14:31:43:924
1377643,000000	2021-05-15T14:31:43:963
1376887,000000	2021-05-15T14:31:44:4
1377929,000000	2021-05-15T14:31:44:43
1375307,000000	2021-05-15T14:31:44:84
1368511,000000	2021-05-15T14:31:44:123
1363774,000000	2021-05-15T14:31:44:164
1365101,000000	2021-05-15T14:31:44:204
1370212,000000	2021-05-15T14:31:44:244
1376280,000000	2021-05-15T14:31:44:284
1378129,000000	2021-05-15T14:31:44:324
1378554,000000	2021-05-15T14:31:44:364
1378467,000000	2021-05-15T14:31:44:405
1374589,000000	2021-05-15T14:31:44:444
1365512,000000	2021-05-15T14:31:44:484
1360525,000000	2021-05-15T14:31:44:524
1361031,000000	2021-05-15T14:31:44:564
1365143,000000	2021-05-15T14:31:44:604
1368774,000000	2021-05-15T14:31:44:644
1367365,000000	2021-05-15T14:31:44:684
1364666,000000	2021-05-15T14:31:44:725
1371007,000000	2021-05-15T14:31:44:764
1363633,000000	2021-05-15T14:31:44:805
1351781,000000	2021-05-15T14:31:44:845
1362464,000000	2021-05-15T14:31:44:886
1386972,000000	2021-05-15T14:31:44:924
1417545,000000	2021-05-15T14:31:44:965
1433106,000000	2021-05-15T14:31:45:5
1445961,000000	2021-05-15T14:31:45:45
1459534,000000	2021-05-15T14:31:45:85
1469363,000000	2021-05-15T14:31:45:125
1470453,000000	2021-05-15T14:31:45:165
1471327,000000	2021-05-15T14:31:45:205
1476618,000000	2021-05-15T14:31:45:244
1486967,000000	2021-05-15T14:31:45:286
1509352,000000	2021-05-15T14:31:45:325
1536817,000000	2021-05-15T14:31:45:366
1554145,000000	2021-05-15T14:31:45:405
1573685,000000	2021-05-15T14:31:45:446
1588191,000000	2021-05-15T14:31:45:485
1595005,000000	2021-05-15T14:31:45:526
1601553,000000	2021-05-15T14:31:45:565
1614695,000000	2021-05-15T14:31:45:605
1643604,000000	2021-05-15T14:31:45:645
1688941,000000	2021-05-15T14:31:45:686
1771219,000000	2021-05-15T14:31:45:725
1836600,000000	2021-05-15T14:31:45:766
1875723,000000	2021-05-15T14:31:45:852
1904379,000000	2021-05-15T14:31:45:854
1924822,000000	2021-05-15T14:31:45:955
1930386,000000	2021-05-15T14:31:45:977
1937625,000000	2021-05-15T14:31:45:983
1965863,000000	2021-05-15T14:31:46:5
2002556,000000	2021-05-15T14:31:46:66
2025249,000000	2021-05-15T14:31:46:100
2041621,000000	2021-05-15T14:31:46:128
2058516,000000	2021-05-15T14:31:46:166
2067304,000000	2021-05-15T14:31:46:207
2066387,000000	2021-05-15T14:31:46:246
2072078,000000	2021-05-15T14:31:46:284
2083227,000000	2021-05-15T14:31:46:325
2098883,000000	2021-05-15T14:31:46:365
2114182,000000	2021-05-15T14:31:46:411
2131338,000000	2021-05-15T14:31:46:444
2144071,000000	2021-05-15T14:31:46:484
2156346,000000	2021-05-15T14:31:46:522
2160301,000000	2021-05-15T14:31:46:563
2157680,000000	2021-05-15T14:31:46:605
2156730,000000	2021-05-15T14:31:46:644
2160994,000000	2021-05-15T14:31:46:684
2169703,000000	2021-05-15T14:31:46:730
2180684,000000	2021-05-15T14:31:46:777
2189675,000000	2021-05-15T14:31:46:826
2195969,000000	2021-05-15T14:31:46:861
2192617,000000	2021-05-15T14:31:46:900
2182180,000000	2021-05-15T14:31:46:923
2165781,000000	2021-05-15T14:31:46:968
2154253,000000	2021-05-15T14:31:47:13
2151360,000000	2021-05-15T14:31:47:47
2154618,000000	2021-05-15T14:31:47:93
2159072,000000	2021-05-15T14:31:47:128
2163967,000000	2021-05-15T14:31:47:164
2167271,000000	2021-05-15T14:31:47:224
2174196,000000	2021-05-15T14:31:47:246
2165390,000000	2021-05-15T14:31:47:289
2151061,000000	2021-05-15T14:31:47:326
2143728,000000	2021-05-15T14:31:47:367
2143855,000000	2021-05-15T14:31:47:409
2148813,000000	2021-05-15T14:31:47:449
2153299,000000	2021-05-15T14:31:47:488
2155155,000000	2021-05-15T14:31:47:527
2155286,000000	2021-05-15T14:31:47:570
2152201,000000	2021-05-15T14:31:47:609
2136890,000000	2021-05-15T14:31:47:648
2122844,000000	2021-05-15T14:31:47:690
2116210,000000	2021-05-15T14:31:47:728
2116657,000000	2021-05-15T14:31:47:771
2122066,000000	2021-05-15T14:31:47:812
2126321,000000	2021-05-15T14:31:47:849
2129321,000000	2021-05-15T14:31:47:891
2132610,000000	2021-05-15T14:31:47:929
2130780,000000	2021-05-15T14:31:47:968
2116915,000000	2021-05-15T14:31:48:9
2105478,000000	2021-05-15T14:31:48:50
2102491,000000	2021-05-15T14:31:48:90
2106801,000000	2021-05-15T14:31:48:128
2109674,000000	2021-05-15T14:31:48:168
2099364,000000	2021-05-15T14:31:48:210
2088612,000000	2021-05-15T14:31:48:251
2083834,000000	2021-05-15T14:31:48:290
2079505,000000	2021-05-15T14:31:48:330
2069648,000000	2021-05-15T14:31:48:366
2063536,000000	2021-05-15T14:31:48:409
2058638,000000	2021-05-15T14:31:48:447
2055463,000000	2021-05-15T14:31:48:492
2055547,000000	2021-05-15T14:31:48:529
2058265,000000	2021-05-15T14:31:48:567
2060034,000000	2021-05-15T14:31:48:612
2063779,000000	2021-05-15T14:31:48:650
2059272,000000	2021-05-15T14:31:48:691
2048920,000000	2021-05-15T14:31:48:732
2042471,000000	2021-05-15T14:31:48:768
2045265,000000	2021-05-15T14:31:48:821
2053198,000000	2021-05-15T14:31:48:852
2061731,000000	2021-05-15T14:31:48:890
2068315,000000	2021-05-15T14:31:48:929
2074450,000000	2021-05-15T14:31:48:969
2081402,000000	2021-05-15T14:31:49:10
2080227,000000	2021-05-15T14:31:49:50
2068560,000000	2021-05-15T14:31:49:97
2064895,000000	2021-05-15T14:31:49:129
2073734,000000	2021-05-15T14:31:49:169
2095017,000000	2021-05-15T14:31:49:211
2107895,000000	2021-05-15T14:31:49:248
2063745,000000	2021-05-15T14:31:49:290
2009252,000000	2021-05-15T14:31:49:326
1957436,000000	2021-05-15T14:31:49:373
1918860,000000	2021-05-15T14:31:49:410
1884925,000000	2021-05-15T14:31:49:456
1873333,000000	2021-05-15T14:31:49:492
1891473,000000	2021-05-15T14:31:49:530
1931401,000000	2021-05-15T14:31:49:570
1975549,000000	2021-05-15T14:31:49:612
2043394,000000	2021-05-15T14:31:49:650
2097190,000000	2021-05-15T14:31:49:693
2130768,000000	2021-05-15T14:31:49:728
2147156,000000	2021-05-15T14:31:49:770
2150367,000000	2021-05-15T14:31:49:809
2163752,000000	2021-05-15T14:31:49:852
2190998,000000	2021-05-15T14:31:49:893
2222650,000000	2021-05-15T14:31:49:932
2250783,000000	2021-05-15T14:31:49:969
2270456,000000	2021-05-15T14:31:50:10
2281699,000000	2021-05-15T14:31:50:47
2286389,000000	2021-05-15T14:31:50:94
2272350,000000	2021-05-15T14:31:50:130
2253285,000000	2021-05-15T14:31:50:170
2242974,000000	2021-05-15T14:31:50:214
2241913,000000	2021-05-15T14:31:50:251
2247296,000000	2021-05-15T14:31:50:294
2252954,000000	2021-05-15T14:31:50:329
2255526,000000	2021-05-15T14:31:50:370
2256859,000000	2021-05-15T14:31:50:410
2254800,000000	2021-05-15T14:31:50:451
2238926,000000	2021-05-15T14:31:50:496
2221041,000000	2021-05-15T14:31:51:335
2210945,000000	2021-05-15T14:31:51:337
2208973,000000	2021-05-15T14:31:51:351
2210279,000000	2021-05-15T14:31:51:360
2209331,000000	2021-05-15T14:31:51:363
2204502,000000	2021-05-15T14:31:51:366
2198116,000000	2021-05-15T14:31:51:370
2183648,000000	2021-05-15T14:31:51:374
2152804,000000	2021-05-15T14:31:51:377
2125810,000000	2021-05-15T14:31:51:379
2108992,000000	2021-05-15T14:31:51:382
2103685,000000	2021-05-15T14:31:51:386
2101302,000000	2021-05-15T14:31:51:389
2096743,000000	2021-05-15T14:31:51:391
2094104,000000	2021-05-15T14:31:51:394
2092854,000000	2021-05-15T14:31:51:396
2078981,000000	2021-05-15T14:31:51:400
2051841,000000	2021-05-15T14:31:51:402
2030141,000000	2021-05-15T14:31:51:406
2019801,000000	2021-05-15T14:31:51:412
2020233,000000	2021-05-15T14:31:51:416
2022959,000000	2021-05-15T14:31:51:421
2022840,000000	2021-05-15T14:31:51:424
2021140,000000	2021-05-15T14:31:51:453
2019643,000000	2021-05-15T14:31:51:494
2002643,000000	2021-05-15T14:31:51:532
1976227,000000	2021-05-15T14:31:51:571
1956109,000000	2021-05-15T14:31:51:613
1947538,000000	2021-05-15T14:31:51:653
1946685,000000	2021-05-15T14:31:51:692
1947691,000000	2021-05-15T14:31:51:731
1945297,000000	2021-05-15T14:31:51:773
1943931,000000	2021-05-15T14:31:51:812
1942278,000000	2021-05-15T14:31:51:852
1927577,000000	2021-05-15T14:31:51:891
1906068,000000	2021-05-15T14:31:51:932
1889930,000000	2021-05-15T14:31:51:971
1885092,000000	2021-05-15T14:31:52:15
1887081,000000	2021-05-15T14:31:52:51
1889898,000000	2021-05-15T14:31:52:92
1890072,000000	2021-05-15T14:31:52:130
1889535,000000	2021-05-15T14:31:52:172
1890784,000000	2021-05-15T14:31:52:212
1878461,000000	2021-05-15T14:31:52:252
1857630,000000	2021-05-15T14:31:52:292
1843522,000000	2021-05-15T14:31:52:332
1841028,000000	2021-05-15T14:31:52:372
1843161,000000	2021-05-15T14:31:52:413
1846805,000000	2021-05-15T14:31:52:452
1848001,000000	2021-05-15T14:31:52:492
1849076,000000	2021-05-15T14:31:52:532
1850999,000000	2021-05-15T14:31:52:573
1840849,000000	2021-05-15T14:31:52:612
1821385,000000	2021-05-15T14:31:52:653
1806557,000000	2021-05-15T14:31:52:692
1802306,000000	2021-05-15T14:31:52:733
1804297,000000	2021-05-15T14:31:52:772
1808275,000000	2021-05-15T14:31:52:813
1809435,000000	2021-05-15T14:31:52:853
1809385,000000	2021-05-15T14:31:52:893
1810751,000000	2021-05-15T14:31:52:932
1801822,000000	2021-05-15T14:31:52:973
1783426,000000	2021-05-15T14:31:53:18
1771406,000000	2021-05-15T14:31:53:53
1770695,000000	2021-05-15T14:31:53:93
1775949,000000	2021-05-15T14:31:53:145
1781056,000000	2021-05-15T14:31:53:172
1784835,000000	2021-05-15T14:31:53:213
1787622,000000	2021-05-15T14:31:53:252
1792261,000000	2021-05-15T14:31:53:309
1785641,000000	2021-05-15T14:31:53:333
1769864,000000	2021-05-15T14:31:53:373
1758299,000000	2021-05-15T14:31:53:413
1757969,000000	2021-05-15T14:31:53:454
1764643,000000	2021-05-15T14:31:53:493
1772508,000000	2021-05-15T14:31:53:534
1778105,000000	2021-05-15T14:31:53:573
1780743,000000	2021-05-15T14:31:53:614
1785010,000000	2021-05-15T14:31:53:653
1782147,000000	2021-05-15T14:31:53:694
1767414,000000	2021-05-15T14:31:53:733
1756198,000000	2021-05-15T14:31:53:774
1755370,000000	2021-05-15T14:31:53:813
1762002,000000	2021-05-15T14:31:53:854
1771096,000000	2021-05-15T14:31:53:894
1777928,000000	2021-05-15T14:31:53:934
1782360,000000	2021-05-15T14:31:53:973
1787119,000000	2021-05-15T14:31:54:14
1789658,000000	2021-05-15T14:31:54:53
1778695,000000	2021-05-15T14:31:54:94
1766577,000000	2021-05-15T14:31:54:133
1764041,000000	2021-05-15T14:31:54:180
1770837,000000	2021-05-15T14:31:54:218
1779533,000000	2021-05-15T14:31:54:253
1788413,000000	2021-05-15T14:31:54:294
1793045,000000	2021-05-15T14:31:54:333
1798380,000000	2021-05-15T14:31:54:373
1803418,000000	2021-05-15T14:31:54:414
1797568,000000	2021-05-15T14:31:54:453
1786782,000000	2021-05-15T14:31:54:495
1780869,000000	2021-05-15T14:31:54:534
1782596,000000	2021-05-15T14:31:54:574
1791203,000000	2021-05-15T14:31:54:614
1799138,000000	2021-05-15T14:31:54:654
1804558,000000	2021-05-15T14:31:54:695
1808201,000000	2021-05-15T14:31:54:734
1814349,000000	2021-05-15T14:31:54:774
1813272,000000	2021-05-15T14:31:54:815
1801249,000000	2021-05-15T14:31:54:854
1792474,000000	2021-05-15T14:31:54:895
1792191,000000	2021-05-15T14:31:54:934
1802111,000000	2021-05-15T14:31:54:975
1811943,000000	2021-05-15T14:31:55:15
1821553,000000	2021-05-15T14:31:55:55
1830125,000000	2021-05-15T14:31:55:95
1839626,000000	2021-05-15T14:31:55:135
1855146,000000	2021-05-15T14:31:55:175
1867270,000000	2021-05-15T14:31:55:215
1894038,000000	2021-05-15T14:31:55:254
1946208,000000	2021-05-15T14:31:55:296
2014994,000000	2021-05-15T14:31:55:335
2100788,000000	2021-05-15T14:31:55:375
2198516,000000	2021-05-15T14:31:55:415
2281178,000000	2021-05-15T14:31:55:455
2350808,000000	2021-05-15T14:31:55:496
2407368,000000	2021-05-15T14:31:55:536
2447028,000000	2021-05-15T14:31:55:575
2465275,000000	2021-05-15T14:31:55:616
2485698,000000	2021-05-15T14:31:55:655
2509802,000000	2021-05-15T14:31:55:696
2544653,000000	2021-05-15T14:31:55:735
2565190,000000	2021-05-15T14:31:55:776
2587809,000000	2021-05-15T14:31:55:878
2576038,000000	2021-05-15T14:31:55:896
2529402,000000	2021-05-15T14:31:55:944
2482812,000000	2021-05-15T14:31:56:1
2454738,000000	2021-05-15T14:31:56:9
2534953,000000	2021-05-15T14:31:56:25
2582636,000000	2021-05-15T14:31:56:52
2613743,000000	2021-05-15T14:31:56:96
2642874,000000	2021-05-15T14:31:56:133
2666518,000000	2021-05-15T14:31:56:175
2684260,000000	2021-05-15T14:31:56:216
2708338,000000	2021-05-15T14:31:56:255
2753036,000000	2021-05-15T14:31:56:296
2777386,000000	2021-05-15T14:31:56:345
2787982,000000	2021-05-15T14:31:56:373
2801341,000000	2021-05-15T14:31:56:414
2811282,000000	2021-05-15T14:31:56:456
2827741,000000	2021-05-15T14:31:56:495
2837746,000000	2021-05-15T14:31:56:534
2837738,000000	2021-05-15T14:31:56:575
2832836,000000	2021-05-15T14:31:56:614
2833577,000000	2021-05-15T14:31:56:655
2825504,000000	2021-05-15T14:31:56:695
2829708,000000	2021-05-15T14:31:56:733
2841407,000000	2021-05-15T14:31:56:777
2857209,000000	2021-05-15T14:31:56:815
2876160,000000	2021-05-15T14:31:56:856
2893163,000000	2021-05-15T14:31:56:898
2910031,000000	2021-05-15T14:31:56:937
2923866,000000	2021-05-15T14:31:56:975
2925993,000000	2021-05-15T14:31:57:14
2921247,000000	2021-05-15T14:31:57:54
2899590,000000	2021-05-15T14:31:57:96
2880655,000000	2021-05-15T14:31:57:136
2872366,000000	2021-05-15T14:31:57:174
2870515,000000	2021-05-15T14:31:57:213
2870272,000000	2021-05-15T14:31:57:259
2865296,000000	2021-05-15T14:31:57:295
2865744,000000	2021-05-15T14:31:57:335
2873584,000000	2021-05-15T14:31:57:375
2876261,000000	2021-05-15T14:31:57:416
2856154,000000	2021-05-15T14:31:57:456
2848220,000000	2021-05-15T14:31:57:500
2849323,000000	2021-05-15T14:31:57:537
2846497,000000	2021-05-15T14:31:57:576
2857191,000000	2021-05-15T14:31:57:618
2863488,000000	2021-05-15T14:31:57:655
2867601,000000	2021-05-15T14:31:57:699
2879332,000000	2021-05-15T14:31:57:739
2888529,000000	2021-05-15T14:31:57:776
2873073,000000	2021-05-15T14:31:57:816
2847512,000000	2021-05-15T14:31:57:854
2837729,000000	2021-05-15T14:31:57:897
2847743,000000	2021-05-15T14:31:57:934
2856066,000000	2021-05-15T14:31:57:973
2845808,000000	2021-05-15T14:31:58:18
2849027,000000	2021-05-15T14:31:58:54
2851260,000000	2021-05-15T14:31:58:98
2858379,000000	2021-05-15T14:31:58:135
2850146,000000	2021-05-15T14:31:58:175
2839728,000000	2021-05-15T14:31:58:218
2836204,000000	2021-05-15T14:31:58:258
2842482,000000	2021-05-15T14:31:58:298
2857730,000000	2021-05-15T14:31:58:338
2875945,000000	2021-05-15T14:31:58:378
2888915,000000	2021-05-15T14:31:58:419
2900005,000000	2021-05-15T14:31:58:457
2909895,000000	2021-05-15T14:31:58:501
2910423,000000	2021-05-15T14:31:58:538
2898025,000000	2021-05-15T14:31:58:577
2891833,000000	2021-05-15T14:31:58:616
2896638,000000	2021-05-15T14:31:58:657
2905727,000000	2021-05-15T14:31:58:698
2920055,000000	2021-05-15T14:31:58:737
2927593,000000	2021-05-15T14:31:58:776
2935285,000000	2021-05-15T14:31:58:816
2941986,000000	2021-05-15T14:31:58:856
2945621,000000	2021-05-15T14:31:58:897
2933309,000000	2021-05-15T14:31:58:937
2921542,000000	2021-05-15T14:31:58:975
2920599,000000	2021-05-15T14:31:59:18
2926981,000000	2021-05-15T14:31:59:61
2936690,000000	2021-05-15T14:31:59:100
2943188,000000	2021-05-15T14:31:59:141
2948505,000000	2021-05-15T14:31:59:180
2953893,000000	2021-05-15T14:31:59:220
2956093,000000	2021-05-15T14:31:59:258
2940334,000000	2021-05-15T14:31:59:300
2924249,000000	2021-05-15T14:31:59:341
2921963,000000	2021-05-15T14:31:59:379
2927423,000000	2021-05-15T14:31:59:420
2937411,000000	2021-05-15T14:31:59:457
2944263,000000	2021-05-15T14:31:59:506
2946804,000000	2021-05-15T14:31:59:549
2947009,000000	2021-05-15T14:31:59:577
